-- MySQL dump 10.11
--
-- Host: mysql-user    Database: soeresearch
-- ------------------------------------------------------
-- Server version	5.0.77

/*!40101 SET @OLD_CHARACTER_SET_CLIENT=@@CHARACTER_SET_CLIENT */;
/*!40101 SET @OLD_CHARACTER_SET_RESULTS=@@CHARACTER_SET_RESULTS */;
/*!40101 SET @OLD_COLLATION_CONNECTION=@@COLLATION_CONNECTION */;
/*!40101 SET NAMES utf8 */;
/*!40103 SET @OLD_TIME_ZONE=@@TIME_ZONE */;
/*!40103 SET TIME_ZONE='+00:00' */;
/*!40014 SET @OLD_UNIQUE_CHECKS=@@UNIQUE_CHECKS, UNIQUE_CHECKS=0 */;
/*!40014 SET @OLD_FOREIGN_KEY_CHECKS=@@FOREIGN_KEY_CHECKS, FOREIGN_KEY_CHECKS=0 */;
/*!40101 SET @OLD_SQL_MODE=@@SQL_MODE, SQL_MODE='NO_AUTO_VALUE_ON_ZERO' */;
/*!40111 SET @OLD_SQL_NOTES=@@SQL_NOTES, SQL_NOTES=0 */;

--
-- Table structure for table `centers`
--

DROP TABLE IF EXISTS `centers`;
SET @saved_cs_client     = @@character_set_client;
SET character_set_client = utf8;
CREATE TABLE `centers` (
  `id` int(11) NOT NULL auto_increment,
  `name` varchar(255) collate utf8_unicode_ci default NULL,
  `created_at` datetime default NULL,
  `updated_at` datetime default NULL,
  `abbreviation` varchar(255) collate utf8_unicode_ci default NULL,
  PRIMARY KEY  (`id`)
) ENGINE=InnoDB AUTO_INCREMENT=3 DEFAULT CHARSET=utf8 COLLATE=utf8_unicode_ci;
SET character_set_client = @saved_cs_client;

--
-- Dumping data for table `centers`
--

LOCK TABLES `centers` WRITE;
/*!40000 ALTER TABLE `centers` DISABLE KEYS */;
INSERT INTO `centers` VALUES (1,'Tissue Engineering Resource Center ','2011-03-12 08:50:27','2011-03-12 08:50:27','TERC'),(2,'Center for Engineering Education and Outreach','2011-03-14 01:12:57','2011-03-14 01:12:57','CEEO');
/*!40000 ALTER TABLE `centers` ENABLE KEYS */;
UNLOCK TABLES;

--
-- Table structure for table `centers_researchers`
--

DROP TABLE IF EXISTS `centers_researchers`;
SET @saved_cs_client     = @@character_set_client;
SET character_set_client = utf8;
CREATE TABLE `centers_researchers` (
  `center_id` int(11) default NULL,
  `researcher_id` int(11) default NULL
) ENGINE=InnoDB DEFAULT CHARSET=utf8 COLLATE=utf8_unicode_ci;
SET character_set_client = @saved_cs_client;

--
-- Dumping data for table `centers_researchers`
--

LOCK TABLES `centers_researchers` WRITE;
/*!40000 ALTER TABLE `centers_researchers` DISABLE KEYS */;
INSERT INTO `centers_researchers` VALUES (1,6),(2,88),(2,116),(2,33),(2,80),(2,117),(2,118),(2,119),(2,120),(2,111),(2,90),(2,87),(2,84),(2,78),(2,121),(2,6),(2,79),(2,57),(2,29);
/*!40000 ALTER TABLE `centers_researchers` ENABLE KEYS */;
UNLOCK TABLES;

--
-- Table structure for table `posts`
--

DROP TABLE IF EXISTS `posts`;
SET @saved_cs_client     = @@character_set_client;
SET character_set_client = utf8;
CREATE TABLE `posts` (
  `id` int(11) NOT NULL auto_increment,
  `abstract` text collate utf8_unicode_ci,
  `title` varchar(255) collate utf8_unicode_ci default NULL,
  `content` text collate utf8_unicode_ci,
  `tags` text collate utf8_unicode_ci,
  `created_at` datetime default NULL,
  `updated_at` datetime default NULL,
  `link` varchar(255) collate utf8_unicode_ci default NULL,
  `external` tinyint(1) default '1',
  `pub_date` date default NULL,
  PRIMARY KEY  (`id`)
) ENGINE=InnoDB AUTO_INCREMENT=2 DEFAULT CHARSET=utf8 COLLATE=utf8_unicode_ci;
SET character_set_client = @saved_cs_client;

--
-- Dumping data for table `posts`
--

LOCK TABLES `posts` WRITE;
/*!40000 ALTER TABLE `posts` DISABLE KEYS */;
INSERT INTO `posts` VALUES (1,'Fiorenzo Omenetto discusses his research in the field of implantable silk antennae.','An Implantable Antenna','','','2011-02-06 06:28:23','2011-02-08 21:35:15','http://www.technologyreview.com/biomedicine/26078/?a=f',1,'2010-08-17');
/*!40000 ALTER TABLE `posts` ENABLE KEYS */;
UNLOCK TABLES;

--
-- Table structure for table `projects`
--

DROP TABLE IF EXISTS `projects`;
SET @saved_cs_client     = @@character_set_client;
SET character_set_client = utf8;
CREATE TABLE `projects` (
  `id` int(11) NOT NULL auto_increment,
  `title` varchar(255) collate utf8_unicode_ci default NULL,
  `pi_fname` varchar(255) collate utf8_unicode_ci default NULL,
  `pi_lname` varchar(255) collate utf8_unicode_ci default NULL,
  `co_pi` varchar(255) collate utf8_unicode_ci default NULL,
  `students_postdocs` varchar(255) collate utf8_unicode_ci default NULL,
  `sponsor` varchar(255) collate utf8_unicode_ci default NULL,
  `link` varchar(255) collate utf8_unicode_ci default NULL,
  `photo` varchar(255) collate utf8_unicode_ci default NULL,
  `created_at` datetime default NULL,
  `updated_at` datetime default NULL,
  `abstract` text collate utf8_unicode_ci,
  `researcher_id` int(11) NOT NULL,
  `start_date` date default NULL,
  `end_date` date default NULL,
  PRIMARY KEY  (`id`)
) ENGINE=InnoDB AUTO_INCREMENT=145 DEFAULT CHARSET=utf8 COLLATE=utf8_unicode_ci;
SET character_set_client = @saved_cs_client;

--
-- Dumping data for table `projects`
--

LOCK TABLES `projects` WRITE;
/*!40000 ALTER TABLE `projects` DISABLE KEYS */;
INSERT INTO `projects` VALUES (1,'Carbon Nanoparticles in Soils','Linda','Abriola','NULL','NULL','Georgia Institute of Technology','NULL','NULL','0000-00-00 00:00:00','2011-01-28 17:51:15','NULL',12,NULL,NULL),(2,'Development and opitimization of targeted nanoscale iron delivery methods for treatment of NAPL source zones','Linda','Abriola','NULL','NULL','USAF','NULL','NULL','0000-00-00 00:00:00','2011-01-28 17:51:15','NULL',12,NULL,NULL),(3,'NAPL Source Zones','Linda','Abriola','NULL','NULL','SERDP','NULL','NULL','0000-00-00 00:00:00','2011-01-28 17:51:15','NULL',12,NULL,NULL),(4,'Millimeter Wave Dielectric measurement of fissile materials for sensing at long distances','Mohammed','Afsar','NULL','NULL','Battelle Memorial Institute','NULL','NULL','0000-00-00 00:00:00','2011-01-28 17:51:15','NULL',64,NULL,NULL),(5,'Ram Frequency Characterization','Mohammed','Afsar','NULL','NULL','US Army','NULL','NULL','0000-00-00 00:00:00','2011-01-28 17:51:15','NULL',64,NULL,NULL),(6,'CAREER: Integrated research and education in regional evaluation of seismic hazards (REU)','Laurie','Baise','NULL','NULL','NSF','NULL','NULL','0000-00-00 00:00:00','2011-01-28 17:51:15','NULL',13,NULL,NULL),(8,'Application of satellite data for post liquefaction reconnaissance','Laurie','Baise','NULL','NULL','USGS','NULL','NULL','0000-00-00 00:00:00','2011-01-28 17:51:15','NULL',13,NULL,NULL),(9,'Near Surface Velocity Structure and Site Response at Parkfield, California','Laurie','Baise','NULL','NULL','USGS','NULL','NULL','0000-00-00 00:00:00','2011-01-28 17:51:15','NULL',13,NULL,NULL),(10,'Offshore Geohazards','Laurie','Baise','NULL','NULL','UMass Amherst','NULL','NULL','0000-00-00 00:00:00','2011-01-28 17:51:15','NULL',13,NULL,NULL),(11,'2009 Workshops on Computational Geometry','Gill','Barequet','NULL','NULL','NSF','NULL','NULL','0000-00-00 00:00:00','2011-01-28 17:51:15','NULL',98,NULL,NULL),(12,'Tangible Programming in Early Childhood Revisiting Development Assumptions through New Technologies','Marina','Bers','NULL','NULL','NSF','NULL','NULL','0000-00-00 00:00:00','2011-01-28 17:51:15','NULL',99,NULL,NULL),(13,'Discovering Unexpected Planets and Other Astonomical Oddities ','Carla','Brodley','NULL','NULL','NSF','NULL','NULL','0000-00-00 00:00:00','2011-01-28 17:51:15','NULL',100,NULL,NULL),(14,'III-CXT-Medium: Interdisciplinary Machine Learning Research and Education','Carla','Brodley','NULL','NULL','NSF','NULL','NULL','0000-00-00 00:00:00','2011-01-28 17:51:15','NULL',100,NULL,NULL),(15,'A phase I trial of metronomic PDT for cancers metastatic to the skin','Caroline','Cao','NULL','NULL','Tufts Medical Center','NULL','NULL','0000-00-00 00:00:00','2011-01-28 17:51:15','NULL',78,NULL,NULL),(17,'CAREER: Adapting to technology in minimally invasive surgery ','Caroline','Cao','NULL','NULL','NSF','NULL','NULL','0000-00-00 00:00:00','2011-01-28 17:51:15','NULL',78,NULL,NULL),(18,'REU for CAREER: Adapting to technology in minimally invasive surgery','Caroline','Cao','NULL','NULL','NSF','NULL','NULL','0000-00-00 00:00:00','2011-01-28 17:51:15','NULL',78,NULL,NULL),(19,'CitySense','Hwa','Chang','NULL','NULL','BBN Technologies','NULL','NULL','0000-00-00 00:00:00','2011-01-28 17:51:15','NULL',65,NULL,NULL),(20,'Great Lakes Total Phosphorous Models and Loads: a 15 year update','Steven','Chapra','NULL','NULL','University of WI - Green Bay','NULL','NULL','0000-00-00 00:00:00','2011-01-28 17:51:15','NULL',16,NULL,NULL),(21,'Enhancing Engineering Education with Computational thinking','Luisa','Chiesa','NULL','NULL','The Concord Consortium','NULL','NULL','0000-00-00 00:00:00','2011-01-28 17:51:15','NULL',79,NULL,NULL),(22,'Computational Methods for Wrapping and Threading Remote Protein Homologs','Lenore','Cowen','NULL','NULL','NIGMS','NULL','NULL','0000-00-00 00:00:00','2011-01-28 17:51:15','NULL',53,NULL,NULL),(23,'WFD Corporation-Sci Tech Camp','Christine','Cunningham','NULL','NULL','WFD Corporation','NULL','NULL','0000-00-00 00:00:00','2011-01-28 17:51:15','NULL',101,NULL,NULL),(24,'Anisotropic magneto-sensitive composites','Luis','Dorfmann','NULL','NULL','Binational Science Foundation','NULL','NULL','0000-00-00 00:00:00','2011-01-28 17:51:15','NULL',20,NULL,NULL),(25,'CAFEH scope','John','Durant','NULL','NULL','NIEHS','NULL','NULL','0000-00-00 00:00:00','2011-01-28 17:51:15','NULL',21,NULL,NULL),(26,'Mathematicl Model of Vascular and Tubular Transport in the Rat Outer Medulla','Aurelie','Edwards','NULL','NULL','NIDDK','NULL','NULL','0000-00-00 00:00:00','2011-01-28 17:51:15','NULL',37,NULL,NULL),(27,'Biological Mechanism of Fast Near-Infrared Signals in Peripheral Nerves ','Sergio','Fantini','NULL','NULL','Boston University','NULL','NULL','2010-09-15 21:43:30','2011-01-28 17:51:15','NULL',4,NULL,NULL),(28,'Near-infrared oximetry of breast tumors','Sergio','Fantini','NULL','NULL','NCI','NULL','NULL','0000-00-00 00:00:00','2011-01-28 17:51:15','NULL',4,NULL,NULL),(29,'Real-time monitoring of Brain Activation with Near-infrared Spectroscopy: Depth Sensitive Realtime frontal lobe NIRS for Neuro','Sergio','Fantini','NULL','NULL','McLean Hospital','NULL','NULL','0000-00-00 00:00:00','2011-01-28 17:51:15','NULL',4,NULL,NULL),(30,'A compact Regenerable Hot Syngas Desulfurizer for Coal-Based Advanced Energy Systems','Maria','Flytzani-Stephanopoulos','NULL','NULL','Gas Technology Institute','NULL','NULL','0000-00-00 00:00:00','2011-01-28 17:51:15','NULL',38,NULL,NULL),(31,'A rational approach to the evaluation of supported metals and surface alloys as oxidation and reforming catalysts','Maria','Flytzani-Stephanopoulos','NULL','NULL','NSF','NULL','NULL','0000-00-00 00:00:00','2011-01-28 17:51:15','NULL',38,NULL,NULL),(32,'Nanocatalysis for Propulsion Applications ','Maria','Flytzani-Stephanopoulos','NULL','NULL','Yale University','NULL','NULL','0000-00-00 00:00:00','2011-01-28 17:51:15','NULL',38,NULL,NULL),(33,'Nanostructured, Metal-ion modified ceria and zirconia oxidation catalysts','Maria','Flytzani-Stephanopoulos','NULL','NULL','DOE','NULL','NULL','0000-00-00 00:00:00','2011-01-28 17:51:15','NULL',38,NULL,NULL),(34,'Interval Operability','Christos','Georgakis','NULL','NULL','American Chemical Society','NULL','NULL','0000-00-00 00:00:00','2011-01-28 17:51:15','NULL',39,NULL,NULL),(35,'Systems Research Institute','Christos','Georgakis','NULL','NULL','Consortium','NULL','NULL','0000-00-00 00:00:00','2011-01-28 17:51:15','NULL',39,NULL,NULL),(36,'CAREER: Non-invasive modalities for optical imaging of cell-matrix interactions in engineered tissues ','Irene','Georgakoudi','NULL','NULL','NSF','NULL','NULL','0000-00-00 00:00:00','2011-01-28 17:51:15','NULL',5,NULL,NULL),(37,'Light scatter in vivo flow cytometer to monitor cancer','Irene','Georgakoudi','NULL','NULL','NCI','NULL','NULL','0000-00-00 00:00:00','2011-01-28 17:51:15','NULL',5,NULL,NULL),(38,'Optical Biomarkers for the non-invasive detection of early cancer','Irene','Georgakoudi','NULL','NULL','American Cancer Society','NULL','NULL','0000-00-00 00:00:00','2011-01-28 17:51:15','NULL',5,NULL,NULL),(39,'Optical monitoring of engineered tissues','Irene','Georgakoudi','NULL','NULL','NIBIB','NULL','NULL','0000-00-00 00:00:00','2011-01-28 17:51:15','NULL',5,NULL,NULL),(40,'Supplement to CAREER: Non-invasive modalities for optical imaging of cell-matrix interactions in engineered tissues','Irene','Georgakoudi','NULL','NULL','NSF','NULL','NULL','0000-00-00 00:00:00','2011-01-28 17:51:16','NULL',5,NULL,NULL),(41,'Assessing and Controlling Occupational Risks to Immigrant Populations, Somerville','David','Gute','NULL','NULL','NIOSH','NULL','NULL','0000-00-00 00:00:00','2011-01-28 17:51:16','NULL',23,NULL,NULL),(42,'Efficiently checking heap invariants using the garbage collector','Samuel','Guyer','NULL','NULL','NSF','NULL','NULL','0000-00-00 00:00:00','2011-01-28 17:51:16','NULL',54,NULL,NULL),(43,'Multi Resolution Partitioning and Kinetic Function Estimation for Dynamic Biochemical network Model Development','Soha','Hassoun','NULL','NULL','NSF','NULL','NULL','0000-00-00 00:00:00','2011-01-28 17:51:16','NULL',55,NULL,NULL),(44,'REU supplement: Multi Resolution Partitioning and Kinetic Function Estimation for Dynamic Biochemical network Model Development','Soha','Hassoun','NULL','NULL','NSF','NULL','NULL','0000-00-00 00:00:00','2011-01-28 17:51:16','NULL',55,NULL,NULL),(45,'NEESR-II: Inelastic Web- Walls','Eric','Hines','NULL','NULL','Michigan State University','NULL','NULL','0000-00-00 00:00:00','2011-01-28 17:51:16','NULL',24,NULL,NULL),(46,'Instabilities in Nonthermal and Uniformity in Atmospheric Pressure Plasma','Jeffrey','Hopwood','NULL','NULL','DOE','NULL','NULL','0000-00-00 00:00:00','2011-01-28 17:51:16','NULL',67,NULL,NULL),(47,'Nanoparticle Detection Using Microplasma','Jeffrey','Hopwood','NULL','NULL','NSF','NULL','NULL','0000-00-00 00:00:00','2011-01-28 17:51:16','NULL',67,NULL,NULL),(48,'A Precipitation Dipole in Eastern North America: Issues of Space-Time Variability and Physical Mechanisms ','Shafiqul','Islam','NULL','NULL','NSF','NULL','NULL','0000-00-00 00:00:00','2011-01-28 17:51:16','NULL',25,NULL,NULL),(49,'Effects of Climate Change on Cholera Dynamics and Predictions','Shafiqul','Islam','NULL','NULL','FIC','NULL','NULL','0000-00-00 00:00:00','2011-01-28 17:51:16','NULL',25,NULL,NULL),(50,'Evapotranspiration and crop water stress estimation over crop lands using remote sensing ','Shafiqul','Islam','NULL','NULL','CSREES','NULL','NULL','0000-00-00 00:00:00','2011-01-28 17:51:16','NULL',25,NULL,NULL),(51,'Groundwater Dynamics and Arsenic Contamination in the Ganges Delta: Irrigated Agriculture, Subsurface Chemical Transport, and Aquifer Flushing ','Shafiqul','Islam','NULL','NULL','National Science Foundation','NULL','NULL','0000-00-00 00:00:00','2011-01-28 17:51:16','NULL',25,NULL,NULL),(52,'REU Supplement for Variations and Trends in Fall Precipitation Over the Central United States: Issues of Physical Mechanisms, Circulation Anomalies and Boundary Forces','Shafiqul','Islam','NULL','NULL','NSF','NULL','NULL','0000-00-00 00:00:00','2011-01-28 17:51:16','NULL',25,NULL,NULL),(53,'Variations and Trends in Fall Precipitation Over the Central United States: Issues of Physical Mechanisms, Circulation Anomalies and Boundary Forces','Shafiqul','Islam','NULL','NULL','NSF','NULL','NULL','0000-00-00 00:00:00','2011-01-28 17:51:16','NULL',25,NULL,NULL),(54,'Evaluating the Effects of Interface Disruption Using fNIR Spectroscopy','Robert','Jacob','NULL','NULL','USAF','NULL','NULL','0000-00-00 00:00:00','2011-01-28 17:51:16','NULL',57,NULL,NULL),(55,'Human Computer Interaction','Robert','Jacob','NULL','NULL','NSF','NULL','NULL','0000-00-00 00:00:00','2011-01-28 17:51:16','NULL',57,NULL,NULL),(56,'3D Intergrated Imaging Receivers for 10/Gbs Free Space Optical MIMO','Valencia','Joyner','NULL','NULL','NSF','NULL','NULL','0000-00-00 00:00:00','2011-01-28 17:51:16','NULL',68,NULL,NULL),(57,'21st annual workshop on interconnections within high-speed digital systems','Valencia','Joyner','NULL','NULL','NSF','NULL','NULL','0000-00-00 00:00:00','2011-01-28 17:51:16','NULL',68,NULL,NULL),(58,'BRIGE: Intergrated Multi-Mode Imaging Sensors for Frequency-Domain Biomedical Imaging','Valencia','Joyner','NULL','NULL','NSF','NULL','NULL','0000-00-00 00:00:00','2011-01-28 17:51:16','NULL',68,NULL,NULL),(59,'BRIGE: Intergrated Multi-Mode Imaging Sensors for Frequency-Domain Biomedical Imaging-REU Supplement','Valencia','Joyner','NULL','NULL','NSF','NULL','NULL','0000-00-00 00:00:00','2011-01-28 17:51:16','NULL',68,NULL,NULL),(60,'Adenosine-Releasing Brain Implants for Epilepsy Therapy ','David','Kaplan','NULL','NULL','Legacy Emanuel Hospital','NULL','NULL','0000-00-00 00:00:00','2011-01-28 17:51:16','NULL',6,NULL,NULL),(61,'Biodegradable Communications System Phase II','David','Kaplan','NULL','NULL','Army Research Laboratory','NULL','NULL','0000-00-00 00:00:00','2011-01-28 17:51:16','NULL',6,NULL,NULL),(62,'Bioemulsifying Vaccine Delivery System for Immunomodulation','David','Kaplan','NULL','NULL','NIAID','NULL','NULL','0000-00-00 00:00:00','2011-01-28 17:51:16','NULL',6,NULL,NULL),(63,'Biomacromolecules','David','Kaplan','NULL','NULL','American Chemical Society','NULL','NULL','0000-00-00 00:00:00','2011-01-28 17:51:16','NULL',6,NULL,NULL),(64,'Bone regeneration via Silk Biomaterials','David','Kaplan','NULL','NULL','NIBIB','NULL','NULL','0000-00-00 00:00:00','2011-01-28 17:51:16','NULL',6,NULL,NULL),(66,'Breast Cancer Metastasis','David','Kaplan','NULL','NULL','Susan G. Komen Foundation','NULL','NULL','0000-00-00 00:00:00','2011-01-28 17:51:16','NULL',6,NULL,NULL),(67,'Chembots - SOE','David','Kaplan','NULL','NULL','US ARMY RDECOM ACQ CTR','NULL','NULL','0000-00-00 00:00:00','2011-01-28 17:51:16','NULL',6,NULL,NULL),(68,'Craniofacial Tissue Engineering','David','Kaplan','NULL','NULL','Columbia University','NULL','NULL','0000-00-00 00:00:00','2011-01-28 17:51:16','NULL',6,NULL,NULL),(69,'Dynamic Camouflage Materials Based on Silk-Reflectin Chimeras','David','Kaplan','NULL','NULL','USAF','NULL','NULL','0000-00-00 00:00:00','2011-01-28 17:51:16','NULL',6,NULL,NULL),(70,'Formation of Stable Vascularized Adipose Tissue','David','Kaplan','NULL','NULL','Johnson & Johnson','NULL','NULL','0000-00-00 00:00:00','2011-01-28 17:51:16','NULL',6,NULL,NULL),(71,'Functionalized Silk Materials','David','Kaplan','NULL','NULL','USAF','NULL','NULL','0000-00-00 00:00:00','2011-01-28 17:51:16','NULL',6,NULL,NULL),(72,'In Vitro 3D Tissue Model for Kidney Disease Responses','David','Kaplan','NULL','NULL','Genzyme','NULL','NULL','0000-00-00 00:00:00','2011-01-28 17:51:16','NULL',6,NULL,NULL),(73,'International Conf. in Vietnam','David','Kaplan','NULL','NULL','Vietnam Education Foundation','NULL','NULL','0000-00-00 00:00:00','2011-01-28 17:51:16','NULL',6,NULL,NULL),(74,'Long Term Drug Release for Epilepsy Treatment','David','Kaplan','NULL','NULL','CIMIT','NULL','NULL','0000-00-00 00:00:00','2011-01-28 17:51:16','NULL',6,NULL,NULL),(75,'Metabolic Engineering Cellulose-based Biomaterials ','David','Kaplan','NULL','NULL','NIGMS','NULL','NULL','0000-00-00 00:00:00','2011-01-28 17:51:16','NULL',6,NULL,NULL),(76,'Morphological Control of Silk DiBlock-Copolymers ','David','Kaplan','NULL','NULL','NSF','NULL','NULL','0000-00-00 00:00:00','2011-01-28 17:51:16','NULL',6,NULL,NULL),(77,'New Biomaterials for cornea repair','David','Kaplan','NULL','NULL','NEI','NULL','NULL','0000-00-00 00:00:00','2011-01-28 17:51:16','NULL',6,NULL,NULL),(78,'Novel Approaches for Expanded Industrial uses for US Soybean Meal','David','Kaplan','NULL','NULL','NJ Institute for Technology','NULL','NULL','0000-00-00 00:00:00','2011-01-28 17:51:16','NULL',6,NULL,NULL),(79,'Peripheral Nerve Repair','David','Kaplan','NULL','NULL','University of Pittsburgh','NULL','NULL','0000-00-00 00:00:00','2011-01-28 17:51:16','NULL',6,NULL,NULL),(80,'Screening Angiogenic Potential of Various Cell Lines Using the CAM Assay','David','Kaplan','NULL','NULL','Organogenesis, Inc.','NULL','NULL','0000-00-00 00:00:00','2011-01-28 17:51:16','NULL',6,NULL,NULL),(81,'Silica-protein nanocomposites for dental repair','David','Kaplan','NULL','NULL','NIDCR','NULL','NULL','0000-00-00 00:00:00','2011-01-28 17:51:16','NULL',6,NULL,NULL),(82,'Silk Sustained Delivery System','David','Kaplan','NULL','NULL','Ekteino Laboratories','NULL','NULL','0000-00-00 00:00:00','2011-01-28 17:51:16','NULL',6,NULL,NULL),(83,'Soft Tissue Reconstruction','David','Kaplan','NULL','NULL','Wake Forest University','NULL','NULL','0000-00-00 00:00:00','2011-01-28 17:51:16','NULL',6,NULL,NULL),(84,'Tissue Engineering Research Center - ARRA Supplement','David','Kaplan','NULL','NULL','NIBIB','NULL','NULL','0000-00-00 00:00:00','2011-01-28 17:51:16','NULL',6,NULL,NULL),(85,'Tissue Engineering Research Center - Year 6','David','Kaplan','NULL','NULL','NIBIB','NULL','NULL','0000-00-00 00:00:00','2011-01-28 17:51:16','NULL',6,NULL,NULL),(86,'Tissue Engineering Research Center year 5','David','Kaplan','NULL','NULL','NIBIB','NULL','NULL','0000-00-00 00:00:00','2011-01-28 17:51:16','NULL',6,NULL,NULL),(87,'Tran Anh Vu Fellowship - MOET','David','Kaplan','NULL','NULL','Vietnam','NULL','NULL','0000-00-00 00:00:00','2011-01-28 17:51:16','NULL',6,NULL,NULL),(88,'US-Mauritius International Workshop: Biomaterials: Perspectives and Possibilities, at the University of Mauritius, Nov. 30 - Dec. 4, 2009 ','David','Kaplan','NULL','NULL','NSF','NULL','NULL','0000-00-00 00:00:00','2011-01-28 17:51:16','NULL',6,NULL,NULL),(89,'US-Switzerland Cooperative Research: Protein Scaffold for Dual Differentiation ','David','Kaplan','NULL','NULL','NSF','NULL','NULL','0000-00-00 00:00:00','2011-01-28 17:51:16','NULL',6,NULL,NULL),(90,'Eager: First Order Decision Diagrams for Relational Markov Decision Processes','Roni','Khardon','NULL','NULL','NSF','NULL','NULL','0000-00-00 00:00:00','2011-01-28 17:51:16','NULL',58,NULL,NULL),(91,'Acquisition of an LC-MS Facility for Research and Education in Metabolic Systems Biology','Kyongbum','Lee','NULL','NULL','NSF','NULL','NULL','0000-00-00 00:00:00','2011-01-28 17:51:16','NULL',40,NULL,NULL),(92,'Real time profiling of regulatory molecule network in adipocytes','Kyongbum','Lee','NULL','NULL','NSF','NULL','NULL','0000-00-00 00:00:00','2011-01-28 17:51:16','NULL',40,NULL,NULL),(93,'Supplemental REU Request for Real time profiling of regulatory molecule network in adipocytes','Kyongbum','Lee','NULL','NULL','NSF','NULL','NULL','0000-00-00 00:00:00','2011-01-28 17:51:16','NULL',40,NULL,NULL),(94,'Equipment to Support Enhanced Undergraduate Education in Sustainable Energy','Gary','Leisk','NULL','NULL','Lufkin Memorial Fund','NULL','NULL','0000-00-00 00:00:00','2011-01-28 17:51:16','NULL',84,NULL,NULL),(95,'Collaborative Research the role of intentional self regulation in achievement in engineering','Richard','Lerner','NULL','NULL','NSF','NULL','NULL','0000-00-00 00:00:00','2011-01-28 17:51:16','NULL',102,NULL,NULL),(96,'LODESTARS program','Douglas','Matson','NULL','NULL','NASA','NULL','NULL','0000-00-00 00:00:00','2011-01-28 17:51:16','NULL',86,NULL,NULL),(97,'Sequestration of C02 through Carbonation of Previous Concrete','Douglas','Matson','NULL','NULL','Washington State University','NULL','NULL','0000-00-00 00:00:00','2011-01-28 17:51:16','NULL',86,NULL,NULL),(98,'Six-Month Study of Nibobium and Tantalum-Based Membranes','Jerry','Meldon','NULL','NULL','H.C. Starck','NULL','NULL','0000-00-00 00:00:00','2011-01-28 17:51:16','NULL',42,NULL,NULL),(99,'ALERT (Awareness and Limitation of Explosive-Related Threats)','Eric','Miller','NULL','NULL','Northeastern University','NULL','NULL','0000-00-00 00:00:00','2011-01-28 17:51:16','NULL',71,NULL,NULL),(100,'Fiber Optic Raman Imager','Eric','Miller','NULL','NULL','Optra Inc.','NULL','NULL','0000-00-00 00:00:00','2011-01-28 17:51:16','NULL',71,NULL,NULL),(101,'Harvard IIC Support for Amelio Vasquez','Eric','Miller','NULL','NULL','Harvard University','NULL','NULL','0000-00-00 00:00:00','2011-01-28 17:51:16','NULL',71,NULL,NULL),(102,'Multi-Modal and Shape-based Inverse methods for the characterization of DNAPL Source Zone Architecture','Eric','Miller','NULL','NULL','NSF','NULL','NULL','0000-00-00 00:00:00','2011-01-28 17:51:16','NULL',71,NULL,NULL),(103,'Ultrasonic Image Guidance for HIFU Cancer Treatment ','Eric','Miller','NULL','NULL','NCI','NULL','NULL','0000-00-00 00:00:00','2011-01-28 17:51:16','NULL',71,NULL,NULL),(104,'Trng in Ed & Critical Res Skil','Claire','Moore','NULL','NULL','NIGMS','NULL','NULL','0000-00-00 00:00:00','2011-01-28 17:51:16','NULL',103,NULL,NULL),(105,'Developing Biomaterial Scaffolds that Delay senescence in Mesenchymal stem cells-Fellowship','Amanda','Murphy','NULL','NULL','NIAMS','NULL','NULL','0000-00-00 00:00:00','2011-01-28 17:51:16','NULL',104,NULL,NULL),(106,'Multilingual Automatic Document Classification, Analysis, and Translation (MADCAT)','Joseph','Noonan','NULL','NULL','BBN Technologies Corp','NULL','NULL','0000-00-00 00:00:00','2011-01-28 17:51:16','NULL',72,NULL,NULL),(107,'Edge Detection Alogrithms for threat object detection and recognition','Karen','Panetta','NULL','NULL','Analogic Corporation','NULL','NULL','0000-00-00 00:00:00','2011-01-28 17:51:16','NULL',73,NULL,NULL),(108,' Engineering an Angiogenic Cardiac Patch','Robert','Peattie','NULL','NULL','NSF','NULL','NULL','0000-00-00 00:00:00','2011-01-28 17:51:16','NULL',10,NULL,NULL),(109,'Collab Env Research Center','Kurt','Pennell','NULL','NULL','Emory University','NULL','NULL','0000-00-00 00:00:00','2011-01-28 17:51:16','NULL',30,NULL,NULL),(111,'Design and Application of Microbial uranium reduction monitoring tools (MURMOT)','Kurt','Pennell','NULL','NULL','DOE','NULL','NULL','0000-00-00 00:00:00','2011-01-28 17:51:16','NULL',30,NULL,NULL),(112,'Fate and Transport of Metal based nanoparticles in the subsurface','Kurt','Pennell','NULL','NULL','NSF','NULL','NULL','0000-00-00 00:00:00','2011-01-28 17:51:16','NULL',30,NULL,NULL),(113,'Modeling and Synthesis of High Mobility Nanoparticles for Advanced Oil Recovery','Kurt','Pennell','NULL','NULL','Rice University','NULL','NULL','0000-00-00 00:00:00','2011-01-28 17:51:16','NULL',30,NULL,NULL),(114,'Neurotoxicity of nanomaterials: evaluation of subcellular redox state','Kurt','Pennell','NULL','NULL','Emory University','NULL','NULL','0000-00-00 00:00:00','2011-01-28 17:51:16','NULL',30,NULL,NULL),(115,'An advanced antibiotic screen of marine environmental DNA through a metabolically engineered e.coli strain','Blaine','Pfeifer','NULL','NULL','EarthGenes Pharmaceuticals','NULL','NULL','0000-00-00 00:00:00','2011-01-28 17:51:16','NULL',44,NULL,NULL),(116,'E. coli Metabolic Engineering to Produce the Marine Anticancer Agent Lomaiviticin A','Blaine','Pfeifer','NULL','NULL','NSF','NULL','NULL','0000-00-00 00:00:00','2011-01-28 17:51:16','NULL',44,NULL,NULL),(117,'Metabolic Engineering for Microbial Taxol Biosynthesis','Blaine','Pfeifer','NULL','NULL','MIT','NULL','NULL','0000-00-00 00:00:00','2011-01-28 17:51:16','NULL',44,NULL,NULL),(118,'Research Fellowship','Emmanuel','Pothos','NULL','NULL','A.G. Leventis Fnd','NULL','NULL','0000-00-00 00:00:00','2011-01-28 17:51:16','NULL',105,NULL,NULL),(119,'Multiphase Porous Media','Andrew','Ramsburg','NULL','NULL','NSF','NULL','NULL','0000-00-00 00:00:00','2011-01-28 17:51:16','NULL',31,NULL,NULL),(120,'ITR Collaborative Research: A reusable extensible, optimizing back end','Norman','Ramsey','NULL','NULL','NSF','NULL','NULL','0000-00-00 00:00:00','2011-01-28 17:51:16','NULL',60,NULL,NULL),(121,'Multicore support in programming language infrastructure','Norman','Ramsey','NULL','NULL','Intel','NULL','NULL','0000-00-00 00:00:00','2011-01-28 17:51:16','NULL',60,NULL,NULL),(122,'REU: ITR Collaborative Research, A reusable Extensible Optimizing back end','Norman','Ramsey','NULL','NULL','NSF','NULL','NULL','0000-00-00 00:00:00','2011-01-28 17:51:16','NULL',60,NULL,NULL),(123,'A Collaborative Research Project: Using RoboBooks To Build Scalable K12- ','Chris','Rogers','NULL','NULL','NSF','NULL','NULL','0000-00-00 00:00:00','2011-01-28 17:51:16','NULL',88,NULL,NULL),(124,'Improving STEM Learning through Interactive RoboBooks','Chris','Rogers','NULL','NULL','NSF','NULL','NULL','0000-00-00 00:00:00','2011-01-28 17:51:16','NULL',88,NULL,NULL),(125,'LABView for HighSchool Product','Chris','Rogers','NULL','NULL','National Instruments','NULL','NULL','0000-00-00 00:00:00','2011-01-28 17:51:16','NULL',88,NULL,NULL),(126,'LEGO RoboBooks','Chris','Rogers','NULL','NULL','LEGO','NULL','NULL','0000-00-00 00:00:00','2011-01-28 17:51:16','NULL',88,NULL,NULL),(127,'RCX & NXT Hardware Platforms','Chris','Rogers','NULL','NULL','LEGO','NULL','NULL','0000-00-00 00:00:00','2011-01-28 17:51:16','NULL',88,NULL,NULL),(128,'SET Camp Enhancement','Chris','Rogers','NULL','NULL','WFD Corporation','NULL','NULL','0000-00-00 00:00:00','2011-01-28 17:51:16','NULL',88,NULL,NULL),(129,'SET Camp Support Services','Chris','Rogers','NULL','NULL','WFD Corporation','NULL','NULL','0000-00-00 00:00:00','2011-01-28 17:51:17','NULL',88,NULL,NULL),(130,'SET Support Services','Chris','Rogers','NULL','NULL','WFD Corporation','NULL','NULL','0000-00-00 00:00:00','2011-01-28 17:51:17','NULL',88,NULL,NULL),(131,'Telling the Story - Learning Math, Science and Engineering Through Animation ','Chris','Rogers','NULL','NULL','NSF','NULL','NULL','0000-00-00 00:00:00','2011-01-28 17:51:17','NULL',88,NULL,NULL),(132,'Transforming Elementary Science Learning through LEGO(TM) Engineering Design ','Chris','Rogers','NULL','NULL','NSF','NULL','NULL','0000-00-00 00:00:00','2011-01-28 17:51:17','NULL',88,NULL,NULL),(133,'Using Wide-Spread Collaboration to Motivate Innovation and Creativity ','Chris','Rogers','NULL','NULL','NSF','NULL','NULL','0000-00-00 00:00:00','2011-01-28 17:51:17','NULL',88,NULL,NULL),(134,'Tobin Bridge: Structural Modeling, Analysis, and Health Monitoring','Masoud','Sanayei','NULL','NULL','Fay Spofford & Thorndike Inc','NULL','NULL','0000-00-00 00:00:00','2011-01-28 17:51:17','NULL',32,NULL,NULL),(135,'Whatever happened to long term bridge design?','Masoud','Sanayei','NULL','NULL','NSF','NULL','NULL','0000-00-00 00:00:00','2011-01-28 17:51:17','NULL',32,NULL,NULL),(136,'Evaluating Biological networks by Mining public data','Donna','Slonim','NULL','NULL','NLM','NULL','NULL','0000-00-00 00:00:00','2011-01-28 17:51:17','NULL',61,NULL,NULL),(137,'Transitional Bioinformatics for Human Developmental Genomics','Donna','Slonim','NULL','NULL','NICHD','NULL','NULL','0000-00-00 00:00:00','2011-01-28 17:51:17','NULL',61,NULL,NULL),(138,'Development of Integrated RF CMOS Receiver for Ultra Low Power Applications','Sameer','Sonkusale','NULL','NULL','MIT Lincoln Laboratory','NULL','NULL','0000-00-00 00:00:00','2011-01-28 17:51:17','NULL',75,NULL,NULL),(139,'EAGER: Collaborative Research: Hetereogeneous integration of nanotubes and nanowires on flexible polymers with CMOS circuirty','Sameer','Sonkusale','NULL','NULL','NSF','NULL','NULL','0000-00-00 00:00:00','2011-01-28 17:51:17','NULL',75,NULL,NULL),(140,'Metamaterial embedded terahertz signal processing novel devices and architectures','Sameer','Sonkusale','NULL','NULL','ONR','NULL','NULL','0000-00-00 00:00:00','2011-01-28 17:51:17','NULL',75,NULL,NULL),(141,'Geometric Data Structures','Diane','Souvaine','NULL','NULL','NSF','NULL','NULL','0000-00-00 00:00:00','2011-01-28 17:51:17','NULL',62,NULL,NULL),(142,'Problem Solving with Discrete Mathematics (PSDM) ','Diane','Souvaine','NULL','NULL','Mass Board of Higher Education','NULL','NULL','0000-00-00 00:00:00','2011-01-28 17:51:17','NULL',62,NULL,NULL),(143,'S-STEM Scholarships','Diane','Souvaine','NULL','NULL','NSF','NULL','NULL','0000-00-00 00:00:00','2011-01-28 17:51:17','NULL',62,NULL,NULL),(144,'Evaluation of Sustainable Engineering Education via service learning efforts in engineering','Christopher','Swan','NULL','NULL','NSF','NULL','NULL','0000-00-00 00:00:00','2011-01-28 17:51:17','NULL',106,NULL,NULL);
/*!40000 ALTER TABLE `projects` ENABLE KEYS */;
UNLOCK TABLES;

--
-- Table structure for table `researchers`
--

DROP TABLE IF EXISTS `researchers`;
SET @saved_cs_client     = @@character_set_client;
SET character_set_client = utf8;
CREATE TABLE `researchers` (
  `id` int(11) NOT NULL auto_increment,
  `dept` varchar(255) collate utf8_unicode_ci default NULL,
  `fname` varchar(255) collate utf8_unicode_ci default NULL,
  `lname` varchar(255) collate utf8_unicode_ci default NULL,
  `email` varchar(255) collate utf8_unicode_ci default NULL,
  `phone` varchar(255) collate utf8_unicode_ci default NULL,
  `description` text collate utf8_unicode_ci,
  `link` varchar(255) collate utf8_unicode_ci default NULL,
  `photo` varchar(255) collate utf8_unicode_ci default NULL,
  `created_at` datetime default NULL,
  `updated_at` datetime default NULL,
  `recent` tinyint(1) default '0',
  `center` varchar(255) collate utf8_unicode_ci default NULL,
  PRIMARY KEY  (`id`)
) ENGINE=InnoDB AUTO_INCREMENT=122 DEFAULT CHARSET=utf8 COLLATE=utf8_unicode_ci;
SET character_set_client = @saved_cs_client;

--
-- Dumping data for table `researchers`
--

LOCK TABLES `researchers` WRITE;
/*!40000 ALTER TABLE `researchers` DISABLE KEYS */;
INSERT INTO `researchers` VALUES (3,'BME','Mark','Cronin-Golomb','mark.cronin-golomb@tufts.edu','7-4255','Optical instrumentation, laser tweezers, atomic force microscopy, nonlinear optics ','http://engineering.tufts.edu/bme/people/cronin-golomb/index.asp','http://engineering.tufts.edu/bme/photos/facultyCronin-Golomb.jpg','2010-04-16 05:30:46','2011-03-11 04:26:21',0,''),(4,'BME','Sergio','Fantini','sergio.fantini@tufts.edu','7-4356','Near-infrared tissue imaging, biomedical instrumentation, medical optics  ','http://engineering.tufts.edu/bme/people/fantini/index.asp','http://engineering.tufts.edu/bme/photos/facultyFantini.jpg','2010-04-16 05:31:43','2011-03-11 04:26:21',0,''),(5,'BME','Irene','Georgakoudi','Irene.Georgakoudi@tufts.edu','7-4353','Spectroscopic imaging and characterization, in vivo flow cytometry ','http://engineering.tufts.edu/bme/people/georgakoudi/index.asp','http://engineering.tufts.edu/bme/photos/facultyGeorgakoudi.jpg','2010-04-16 05:32:05','2011-03-11 04:26:21',0,''),(6,'BME','David','Kaplan','david.kaplan@tufts.edu','7-3251','Bioengineering, biomaterials, biopolymer engineering, tissue engineering ','http://engineering.tufts.edu/bme/people/kaplan/index.asp','http://engineering.tufts.edu/bme/photos/facultyKaplan.jpg','2010-04-16 05:30:24','2011-03-11 04:27:55',NULL,'TERC'),(7,'BME','Catherine','Kuo','CatherineK.Kuo@tufts.edu','7-4321','Stem cells, tissue engineering, biomaterials, developmental biology','http://engineering.tufts.edu/bme/people/kuo/index.asp','http://engineering.tufts.edu/bme/photos/facultyKuo.jpg','2010-04-16 05:30:01','2011-03-11 04:26:21',NULL,''),(8,'BME','Fiorenzo','Omenetto','Fiorenzo.Omenetto@tufts.edu','7-2580','Ultrafast nonlinear optics, Nanophotonics, Biophotonics','http://engineering.tufts.edu/bme/people/omenetto/index.asp','http://engineering.tufts.edu/bme/photos/facultyOmenetto.jpg','2010-04-16 05:34:35','2011-03-11 04:26:21',NULL,''),(11,'BME','Angelo','Sassaroli','Angelo.Sassaroli@tufts.edu','7-4970','Infrared spectroscopy, functional magnetic resonance imaging for understanding functional brain activation ',NULL,NULL,NULL,'2011-03-11 04:26:21',NULL,''),(12,'CEE','Linda','Abriola','Linda.Abriola@tufts.edu','7-3237','Environmental and water resources engineering  ','http://engineering.tufts.edu/cee/people/abriola/index.asp','http://engineering.tufts.edu/cee/people/abriola/abriola.jpg','2010-04-16 05:36:00','2011-03-11 04:26:21',0,''),(13,'CEE','Laurie','Baise','laurie.baise@tufts.edu','7-2211','Geological engineering, earthquake engineering  ','http://engineering.tufts.edu/cee/people/baise/index.asp','http://engineering.tufts.edu/cee/people/baise/baise.jpg','2010-04-16 05:37:35','2011-03-11 04:26:21',0,''),(14,'CEE','Brian','Brenner','brian.brenner@tufts.edu','7-3761','Structural engineering, bridge analysis and design  ','http://engineering.tufts.edu/cee/people/brenner/index.asp','http://engineering.tufts.edu/cee/people/brenner/brenner.jpg','2010-04-22 06:46:43','2011-03-11 04:26:21',NULL,''),(15,'CEE','Natalie','Capiro','natalie.capiro@tufts.edu','7-6015','Environmental biotechnology, bioremediation applications, fate and transport  ','http://engineering.tufts.edu/cee/impes/personnel_files/personnel.html','http://engineering.tufts.edu/cee/impes/personnel_files/images/capiro%20head%20crop.jpg',NULL,'2011-03-11 04:26:21',0,''),(16,'CEE','Steven','Chapra','steven.chapra@tufts.edu','7-3654','Environmental engineering, surface water-quality modeling  ','http://engineering.tufts.edu/cee/people/chapra/index.asp','http://engineering.tufts.edu/cee/people/chapra/chapra.jpg','2010-04-22 06:47:53','2011-03-11 04:26:21',0,''),(18,'CEE','Wayne','Chudyk','wayne.chudyk@tufts.edu','7-3070','Mechanics and environmental engineering, surface and groundwater monitoring  ','http://engineering.tufts.edu/cee/people/chudyk/index.asp','http://engineering.tufts.edu/cee/people/chudyk/chudyk.jpg','2010-04-22 06:49:19','2011-03-11 04:26:21',NULL,''),(20,'CEE','Luis','Dorfmann','Luis.Dorfmann@tufts.edu','7-6137','Structural engineering, applied mechanics  ','http://engineering.tufts.edu/cee/people/dorfmann/index.asp','http://engineering.tufts.edu/cee/people/dorfmann/dorfmann.jpg','2010-04-22 06:50:06','2011-03-11 04:26:21',NULL,''),(21,'CEE','John','Durant','john.durant@tufts.edu','7-5489','Environmental engineering, environmental fluid mechanics, chemical fate and transport  ','http://engineering.tufts.edu/cee/people/durant/index.asp','http://engineering.tufts.edu/cee/people/durant/durant.jpg','2010-04-22 06:50:29','2011-03-11 04:26:21',0,''),(22,'CEE','Lewis','Edgers','lewis.edgers@tufts.edu','7-5875','Geotechnical engineering, geoenvironmental engineering, Wind energy (renewables)  ','http://engineering.tufts.edu/cee/people/edgers/index.asp','http://engineering.tufts.edu/cee/people/edgers/edgers.jpg','2010-04-22 06:50:54','2011-03-11 04:26:21',NULL,''),(23,'CEE','David','Gute','david.gute@tufts.edu','7-3452','Environmental and occupational health and safety  ','http://engineering.tufts.edu/cee/people/gute/index.asp','http://engineering.tufts.edu/cee/people/gute/gute.jpg','2010-04-22 06:51:47','2011-03-11 04:26:21',NULL,''),(24,'CEE','Eric','Hines','Eric.Hines@tufts.edu','7-3211','Steel design, earthquake engineering, structural systems  ','http://engineering.tufts.edu/cee/people/hines/index.asp','http://engineering.tufts.edu/cee/people/hines/hines.jpg','2010-04-22 06:52:18','2011-03-11 04:26:21',0,''),(25,'CEE','Shafiqul','Islam','Shafiqul.Islam@tufts.edu','7-4290','Environmental hydrology.climate change/cholera prediction  ','http://engineering.tufts.edu/cee/people/islam/index.asp','http://engineering.tufts.edu/cee/people/islam/islam.jpg','2010-04-22 06:52:45','2011-03-11 04:26:21',NULL,''),(26,'CEE','Kim','Knox','kim.knox@tufts.edu','7-2000','Applied mechanics ','','http://engineering.tufts.edu/images/Photo%209%20-%20Kim%20Knox.JPG',NULL,'2011-03-11 04:26:21',0,''),(27,'CEE','Steve','Levine','stephen.levine@tufts.edu','7-2212','Operations research, engineering economics  ','http://engineering.tufts.edu/cee/people/levine/index.asp','http://engineering.tufts.edu/cee/people/levine/levine.jpg','2010-04-22 06:54:00','2011-03-11 04:26:21',0,''),(28,'CEE','Lee','Minardi','Lee.minardi@tufts.edu','7-3035','Computer-aided design, geometric modeling  ','http://engineering.tufts.edu/cee/people/minardi/index.asp','http://engineering.tufts.edu/cee/people/minardi/minardi.jpg','2010-04-22 06:53:37','2011-03-11 04:26:22',NULL,''),(29,'CEE','Babak','Moaveni','babak.moaveni@tufts.edu','7-5642','Structural engineering, bridges ','http://engineering.tufts.edu/cee/people/moaveni/index.asp','http://engineering.tufts.edu/cee/people/moaveni/moaveni.jpg','2010-04-22 06:55:00','2011-03-11 04:26:22',NULL,''),(30,'CEE','Kurt','Pennell','Kurt.Pennell@tufts.edu','7-3994','Transport of subsurface contaminants, environmental engineering  ','http://engineering.tufts.edu/cee/impes/','http://engineering.tufts.edu/cee/people/pennell/pennell.jpg','2010-04-22 06:56:43','2011-03-11 04:26:22',NULL,''),(31,'CEE','Andrew','Ramsburg','Andrew.Ramsburg@tufts.edu','7-4286','Transport of subsurface contaminants, site-remediation technologies  ','http://engineering.tufts.edu/cee/impes/','http://engineering.tufts.edu/cee/people/ramsburg/ramsburg.jpg','2010-04-22 06:56:18','2011-03-11 04:26:22',NULL,''),(32,'CEE','Masoud','Sanayei','masoud.sanayei@tufts.edu','7-4116','Structural engineering, finite element analysis, structural dynamics, earthquake engineering ','http://engineering.tufts.edu/cee/people/sanayei/index.asp','http://engineering.tufts.edu/cee/people/sanayei/sanayei.jpg','2010-04-22 06:58:44','2011-03-11 04:26:22',NULL,''),(33,'CEE','Chris','Swan','chris.swan@tufts.edu','7-3211','Geoenvironmental engineering, geotechnical engineering  ','http://engineering.tufts.edu/cee/people/swan/index.asp','http://engineering.tufts.edu/cee/people/swan/swan.jpg','2010-04-22 06:58:04','2011-03-11 20:35:29',NULL,'CEEO'),(34,'CEE','Richard','Vogel','richard.vogel@tufts.edu','7-4260','Water resource systems, environmental statistics, hydrology  ','http://engineering.tufts.edu/cee/people/vogel/index.asp','http://engineering.tufts.edu/cee/people/vogel/vogel.jpg','2010-04-22 06:58:23','2011-03-11 04:26:22',NULL,''),(35,'CEE','Mark','Woodin','mark.woodin@tufts.edu','7-3640','Epidemiology and public health  ','http://engineering.tufts.edu/cee/people/woodin/index.asp','http://engineering.tufts.edu/cee/people/woodin/woodin.jpg','2010-04-22 06:57:47','2011-03-11 04:26:22',NULL,''),(38,'CHBE','Maria','Flytzani-Stephanopoulos','mflytzan@tufts.edu','7-3048','Environmental catalysis, clean energy technologies, nanostructured oxides ','http://engineering.tufts.edu/chbe/people/FlytzaniStephanopoulos/index.asp','http://engineering.tufts.edu/chbe/photos/facultyFlytzaniStephanopoulos.jpg','2010-04-30 00:04:09','2011-03-11 04:26:22',NULL,''),(39,'CHBE','Christos','Georgakis','Christos.Georgakis@tufts.edu','7-2573','Modeling, optimization and process control, batch processing ','http://engineering.tufts.edu/chbe/people/georgakis/index.asp','http://engineering.tufts.edu/chbe/photos/facultyGeorgakis.jpg','2010-04-30 00:04:33','2011-03-11 04:26:22',NULL,''),(40,'CHBE','Kyongbum','Lee','Kyongbum.Lee@tufts.edu','7-4323','Metabolic engineering, tissue engineering, systems biology  ','http://engineering.tufts.edu/chbe/people/lee/index.asp','http://engineering.tufts.edu/chbe/photos/facultyLee.jpg','2010-04-30 00:04:58','2011-03-11 04:26:22',NULL,''),(41,'CHBE','Stephen','Matson','stephen.matson@tufts.edu','7-4186','Membrane separations, Membrane reactors, Bioseparations, DNA sequencing, Pharmaceuticals, Appropriate Chemical technology, STEM education  ','http://engineering.tufts.edu/chbe/people/matson/index.asp','http://engineering.tufts.edu/chbe/photos/facultyMatson.jpg','2010-04-30 00:05:33','2011-03-11 04:26:22',NULL,''),(42,'CHBE','Jerry','Meldon','Jerry.Meldon@tufts.edu','7-3570','Mass transfer, membrane processes, reaction-separation coupling ','http://engineering.tufts.edu/chbe/people/meldon/index.asp','http://engineering.tufts.edu/chbe/photos/facultyMeldon.jpg','2010-04-30 00:06:31','2011-03-11 04:26:22',NULL,''),(43,'CHBE','Matt','Panzer','matt.panzer@tufts.edu','7-3900','Sustainable Energy, Soft Electronics, Green Technologies  ','http://engineering.tufts.edu/chbe/people/panzer/index.asp','http://engineering.tufts.edu/chbe/photos/facultyPanzer.jpg','2010-04-30 00:07:13','2011-03-11 04:26:22',NULL,''),(44,'CHBE','Blaine','Pfeifer','Blaine.Pfeifer@tufts.edu','7-2582','Biotechnology, cellular engineering, natural product biosynthesis and development  ','http://engineering.tufts.edu/chbe/people/pfeifer/index.asp','http://engineering.tufts.edu/chbe/photos/facultyPfeifer.jpg','2010-04-30 00:08:08','2011-03-11 04:26:22',NULL,''),(45,'CHBE','Daniel','Ryder','daniel.ryder@tufts.edu','7-3446','Polymer and ceramic materials processing, inorganic/organic nanocomposite materials  ','http://engineering.tufts.edu/chbe/people/ryder/index.asp','http://engineering.tufts.edu/chbe/photos/facultyRyder.jpg','2010-04-30 00:09:08','2011-03-11 04:26:22',NULL,''),(47,'CHBE','Nakho','Sung','Nakho.Sung@tufts.edu','7-3447','Polymers and composites, interface science, polymer diffusion, surface modification ','http://engineering.tufts.edu/chbe/people/sung/index.asp','http://engineering.tufts.edu/chbe/photos/facultySung.jpg','2010-04-30 00:09:58','2011-03-11 04:26:22',NULL,''),(48,'CHBE','David','Vinson','david.vinson@tufts.edu','7-4906','Process Operability, Model Based Control, Quality by Design  ','http://engineering.tufts.edu/chbe/people/vinson/index.asp','http://engineering.tufts.edu/chbe/photos/facultyVinson.jpg','2010-04-30 00:10:35','2011-03-11 04:26:22',NULL,''),(49,'CHBE','Hyunmin','Yi','Hyunmi.Yi@tufts.edu','7-2195','Nanoarray biosensing, in vitro metabolic engineering platforms  ','http://engineering.tufts.edu/chbe/people/yi/index.asp','http://engineering.tufts.edu/chbe/photos/facultyYi.jpg','2010-04-30 00:10:47','2011-03-11 04:26:22',NULL,''),(50,'CS','Anselm','Blumer','ablumer@cs.tufts.edu','7-3651','Data compression, machine learning, artificial intelligence, computational biology  ','http://www.cs.tufts.edu/~ablumer/','http://www.cs.tufts.edu/people/faculty/images/anselmblumer.jpg','2010-04-30 00:13:38','2011-03-11 04:26:22',NULL,''),(52,'CS','Alva','Couch','alva.couch@tufts.edu','7-3674','Policy-based languages for system and network administration, support tools for teaching hands-on computer science  ','http://www.cs.tufts.edu/~couch','http://www.cs.tufts.edu/people/faculty/images/alvacouch.jpg','2010-04-30 00:14:16','2011-03-11 04:26:22',NULL,''),(53,'CS','Lenore','Cowen','lenore.cowen@tufts.edu','7-2225','Algorithms, graph theory, probabilistic combinatorics  ','http://www.cs.tufts.edu/~cowen','http://www.cs.tufts.edu/people/faculty/images/lenorecowen.jpg','2010-04-30 00:14:43','2011-03-11 04:26:22',0,''),(54,'CS','Samuel','Guyer','Samuel.Guyer@tufts.edu','7-4948','Program analysis and optimization, automatic bug detection, memory management, compiler-based tools to improve software reliability and performance  ','http://www.cs.tufts.edu/~sguyer','http://www.cs.tufts.edu/people/faculty/images/samuelguyer.jpg','2010-04-30 00:15:06','2011-03-11 04:26:22',NULL,''),(55,'CS','Soha','Hassoun','soha.hassoun@tufts.edu','7-5177','CAD, VLSI design  ','http://www.cs.tufts.edu/~soha/','http://www.cs.tufts.edu/people/faculty/images/sohahassoun.jpg','2010-04-30 00:17:48','2011-03-11 04:26:22',NULL,''),(56,'CS','Benjamin','Hescott','benjamin.hescott@tufts.edu','7-4924','Computational Complexity, Approximation Algorithms, Kolmogorov Complexity  ','http://www.cs.tufts.edu/~hescott/','http://www.cs.tufts.edu/people/faculty/images/benhescott.jpg','2010-04-30 00:18:15','2011-03-11 04:26:22',NULL,''),(57,'CS','Robert','Jacob','jacob@cs.tufts.edu','7-5253','Human-computer interaction  ','http://www.cs.tufts.edu/~jacob','http://www.cs.tufts.edu/people/faculty/images/robertjacob.jpg','2010-04-30 00:18:34','2011-03-11 20:45:47',0,'CEEO'),(58,'CS','Roni','Khardon','roni@eecs.tufts.edu','7-5290','Machine Learning, Artificial intelligence, Algorithms ','http://www.cs.tufts.edu/~roni','http://www.cs.tufts.edu/people/faculty/images/ronikhardon.jpg','2010-04-30 00:18:59','2011-03-11 04:26:22',NULL,''),(60,'CS','Norman','Ramsey','nr@cs.tufts.edu','7-4923','Programming Languages and Systems, Functional Programming, Compiler Construction  ','http://www.cs.tufts.edu/~nr','http://www.cs.tufts.edu/people/faculty/images/normanramsey.jpg','2010-04-30 00:20:18','2011-03-11 04:26:22',NULL,''),(61,'CS','Donna','Slonim','Donna.Slonim@tufts.edu','7-2225','Biological and medical information from gene expression  ','http://www.cs.tufts.edu/~slonim','http://www.cs.tufts.edu/people/faculty/images/donnaslonim.jpg','2010-04-30 00:22:07','2011-03-11 04:26:22',NULL,''),(62,'CS','Diane','Souvaine','dls@cs.tufts.edu','7-2225','Computational geometry  ','http://www.cs.tufts.edu/~dls','http://www.cs.tufts.edu/people/faculty/images/dianesouvaine.jpg','2010-04-30 00:23:02','2011-03-11 04:26:22',NULL,''),(63,'CS','Judy','Stafford','jas@cs.tufts.edu','7-2491','Compositional reasoning, component-based software engineering, software architecture analysis and documentation, program analysis  ','http://www.cs.tufts.edu/~jas','http://www.cs.tufts.edu/people/faculty/images/judithstafford.jpg','2010-04-30 00:22:46','2011-03-11 04:26:22',0,''),(64,'ECE','Mohammed','Afsar','mohammed.afsar@tufts.edu','7-3932','Microwaves and submillimeter waves, design and measurements  ','http://www.ece.tufts.edu/~mafsar','http://www.ece.tufts.edu/people/pics/afsar.jpg','2010-04-16 05:49:25','2011-03-11 04:26:22',0,''),(65,'ECE','Hwa','Chang','chorng.chang@tufts.edu','7-5178','Computer engineering, communication networks, digital systems  ','http://www.ece.tufts.edu/~hchang/','http://www.ece.tufts.edu/people/pics/chang.jpg','2010-04-16 05:50:32','2011-03-11 04:26:22',NULL,''),(66,'ECE','Dennis','Fermental','denis.fermental@tufts.edu','7-5250','Control engineering, analog electronics  ',NULL,'http://www.ece.tufts.edu/people/pics/fermental.jpg','2010-04-16 05:55:02','2011-03-11 04:26:22',NULL,''),(67,'ECE','Jeffrey','Hopwood','Jeffrey.Hopwood@tufts.edu','7-4358','Plasma engineering, microelectronics, sensors','http://www.ece.tufts.edu/~hopwood/','http://www.ece.tufts.edu/people/pics/hopwood.jpg','2010-04-16 05:43:53','2011-03-11 04:26:22',NULL,''),(68,'ECE','Valencia','Joyner','Valencia.Joyner@tufts.edu','7-2291','Optoelectronics, VLSI radiation effects in integrated circuits  ','http://www.ece.tufts.edu/~vjoyner','http://www.ece.tufts.edu/people/pics/joyner.jpg','2010-04-16 05:51:29','2011-03-11 04:26:22',NULL,''),(69,'ECE','Konstantin','Korolev','korolev@ece.tufts.edu','7-5065','Millimeter wave and terahertz spectroscopy  ','http://www.ece.tufts.edu/people/faculty/bio/korolev.php','http://www.ece.tufts.edu/people/images_faculty/korolev.jpg','2010-04-30 00:26:42','2011-03-11 04:26:22',NULL,''),(70,'ECE','Ronald','Lasser','Ron.Lasser@tufts.edu','7-4977','Product development specialist, innovation and entrepreneurship, image processing, animation.  ','http://www.ece.tufts.edu/~rlasser/','http://www.ece.tufts.edu/people/pics/lasser.jpg','2010-04-30 00:24:28','2011-03-11 04:26:22',NULL,''),(71,'ECE','Eric','Miller','Eric_L.Miller@tufts.edu','7-0835','Signal and image processing, inverse problems and physics-based methods, statistical signal processing and machine learning, computational methods  ','http://www.ece.tufts.edu/~elmiller/elmhome/','http://www.ece.tufts.edu/people/pics/miller.jpg','2010-04-16 05:44:12','2011-03-11 04:26:22',NULL,''),(72,'ECE','Joseph','Noonan','JNoonan@ece.tufts.edu','7-2490','Communications, coding and information theory, digital signal processing  ','http://www.ece.tufts.edu/~jnoonan','http://www.ece.tufts.edu/people/pics/noonan.jpg','2010-04-16 05:45:30','2011-03-11 04:26:22',NULL,''),(73,'ECE','Karen','Panetta','Karen@eecs.tufts.edu','7-5976','Digital simulation, multimedia computer architecture  ','http://www.ee.tufts.edu/~karen/','http://www.ece.tufts.edu/people/pics/panetta.jpg','2010-04-30 00:12:48','2011-03-11 04:26:22',NULL,''),(74,'ECE','Douglas','Preis','DPreis@eecs.tufts.edu','7-2492','Electromagnetics, signal processing, audio engineering  ','http://www.ece.tufts.edu/~dpreis/','http://www.ece.tufts.edu/people/pics/preis.jpg','2010-04-16 05:47:44','2011-03-11 04:26:22',NULL,''),(75,'ECE','Sameer','Sonkusale','sameer@ece.tufts.edu','7-5113','Nanotechnology, Sensors, Biomedical Electronics, Analog and Mixed-signal VLSI design','http://nanolab.ece.tufts.edu/','http://www.ece.tufts.edu/people/pics/sonkusale.jpg','2010-04-30 00:27:14','2011-03-11 04:26:22',NULL,''),(76,'ECE','Thomas','Vandervelde','tvanderv@ece.tufts.edu','7-5126','Solar energy, thermal photovoltaics  ','http://www.ece.tufts.edu/~tvanderv/','http://www.ece.tufts.edu/people/facultypics/vandervelde.jpg','2010-04-16 05:54:02','2011-03-11 04:26:22',NULL,''),(78,'ME','Caroline','Cao','Caroline.Cao@tufts.edu','7-2484','Human factors, biomedical systems  ','http://engineering.tufts.edu/me/people/cao/index.asp','http://engineering.tufts.edu/me/photos/facultyCao.jpg','2010-04-30 00:31:56','2011-03-11 20:43:55',NULL,'CEEO'),(79,'ME','Luisa','Chiesa','Luisa.Chiesa@tufts.edu','7-4575','Superconductor sensing applications, powertransmission line magnets  ','http://engineering.tufts.edu/me/people/chiesa/index.asp','http://engineering.tufts.edu/me/photos/facultyChiesa.jpg','2010-04-30 00:33:32','2011-03-11 20:45:30',NULL,'CEEO'),(80,'ME','Daniel','Hannon','Dan.Hannon@tufts.edu','7-4149','Human factors, air traffic control, navigation, command and control ','http://engineering.tufts.edu/me/people/hannon/index.asp','','2010-04-30 00:35:35','2011-03-11 20:35:49',NULL,'CEEO'),(81,'ME','Marc','Hodes','Marc.Hodes@tufts.edu','7-2488','Thermoelectricity, heat and mass transfer ','http://engineering.tufts.edu/me/people/hodes/index.asp',NULL,'2010-04-30 00:32:16','2011-03-11 04:26:22',NULL,''),(82,'ME','Tom','James','tom.james@tufts.edu','7-2327','Mechanics of cutting and sawing  ','http://engineering.tufts.edu/me/people/james/index.asp','http://engineering.tufts.edu/me/photos/facultyJames.jpg','2010-04-30 00:32:36','2011-03-11 04:26:22',NULL,''),(83,'ME','Mark','Kachanov','mark.kachanov@tufts.edu','7-3318','Fracture mechanics, micromechanics, overall properties of materials  ','http://engineering.tufts.edu/me/people/kachanov/index.asp',NULL,'2010-04-30 00:29:12','2011-03-11 04:26:22',NULL,''),(84,'ME','Gary','Leisk','gary.leisk@tufts.edu','7-2547','Manufacturing science, signal processing  ','http://engineering.tufts.edu/me/people/leisk/index.asp','http://engineering.tufts.edu/me/photos/facultyLeisk.jpg','2010-04-30 00:35:10','2011-03-11 20:43:35',NULL,'CEEO'),(85,'ME','Vincent','Manno','vincent.manno@tufts.edu','7-2548','Computational thermal-fluid dynamics, energy system analysis  ','http://engineering.tufts.edu/me/people/manno/index.asp','http://engineering.tufts.edu/me/photos/facultyManno.jpg','2010-04-30 00:29:59','2011-03-11 04:26:22',NULL,''),(86,'ME','Douglas','Matson','Douglas.Matson@tufts.edu','7-5742','Materials processing, solidification  ','http://engineering.tufts.edu/me/people/matson/index.asp',NULL,'2010-04-30 00:33:02','2011-03-11 04:26:22',NULL,''),(87,'ME','Jason','Rife','Jason.Rife@tufts.edu','7-4732','Robotics, Navigation, Controls','http://engineering.tufts.edu/me/people/rife/index.asp','','2010-04-30 00:34:04','2011-03-11 20:43:07',NULL,'CEEO'),(88,'ME','Chris','Rogers','chris.rogers@tufts.edu','7-2882','Experimental fluid dynamics, science education ','http://engineering.tufts.edu/me/people/rogers/index.asp','http://www.tufts.edu/~crogers/Me_Teaching.jpeg','2010-04-30 00:31:06','2011-03-11 13:15:33',0,'CEEO'),(89,'ME','Anil','Saigal','anil.saigal@tufts.edu','7-2549','Advanced materials, manufacturing processes, quality control  ','http://engineering.tufts.edu/me/people/saigal/index.asp',NULL,'2010-04-30 00:31:32','2011-03-11 04:26:22',NULL,''),(90,'ME','Robert','White','R.White@tufts.edu','7-2210','Microelectromechanical systems (MEMS), microfabrication, acoustics, vibrations  ','http://engineering.tufts.edu/me/people/white/index.asp','http://engineering.tufts.edu/me/photos/facultyWhite.jpg','2010-04-30 00:34:48','2011-03-11 20:43:19',NULL,'CEEO'),(93,'TGI','Partha','Ghosh','partha.ghosh@tufts.edu','7-3110','Multinational strategies, globalization  ','http://gordon.tufts.edu/engMgmt/MSEM/faculty/Ghosh.asp','http://gordon.tufts.edu/photos/FacultyGhosh.jpg','2010-04-30 00:38:03','2011-03-11 04:26:22',NULL,''),(94,'TGI','Sam','Liggero','sam.liggero@tufts.edu','7-3310','New product development  ','http://gordon.tufts.edu/engMgmt/MSEM/faculty/Liggero.asp','http://gordon.tufts.edu/photos/FacultyLiggero.jpg','2010-04-30 00:38:34','2011-03-11 04:26:22',NULL,''),(95,'TGI','Charlie','Rabie','charlie.rabie@tufts.edu','7-3110','Business strategy ','http://gordon.tufts.edu/engMgmt/MSEM/faculty/Rabie.asp','http://gordon.tufts.edu/photos/FacultyRabie.jpg','2010-04-30 00:38:53','2011-03-11 04:26:22',NULL,''),(96,'TGI','Arthur','Winston','arthur.winston@tufts.edu','7-3112','Data analysis','http://gordon.tufts.edu/engMgmt/MSEM/faculty/WinstonA.asp','','2010-04-30 00:39:35','2011-03-11 04:26:22',0,''),(97,'TGI','Robert','Hannemann','Robert.Hannemann@tufts.edu','7-3603','Advanced, energy-efficient cooling of electronic products','http://gordon.tufts.edu/engMgmt/MSEM/faculty/Hannemann.asp','http://gordon.tufts.edu/photos/directorHannemann.jpg','2010-04-30 00:40:01','2011-03-11 04:26:22',NULL,''),(100,'CS','Carla','Brodley','carla.brodley@tufts.edu','7-3652','Data mining, computer security  ','http://www.cs.tufts.edu/~brodley','http://www.cs.tufts.edu/people/faculty/images/carlabrodley.jpg','2011-02-06 01:09:59','2011-03-11 04:26:22',0,''),(101,'Unkown','Christine','Cunningham','Unknown@unknown.edu','Unknow','Unknown',NULL,NULL,'2011-02-06 01:09:59','2011-03-11 04:26:22',0,''),(102,'Unkown','Richard','Lerner','Unknown@unknown.edu','Unknow','Unknown',NULL,NULL,'2011-02-06 01:09:59','2011-03-11 04:26:22',0,''),(103,'Unkown','Claire','Moore','Unknown@unknown.edu','Unknow','Unknown',NULL,NULL,'2011-02-06 01:09:59','2011-03-11 04:26:22',0,''),(104,'Unkown','Amanda','Murphy','Unknown@unknown.edu','Unknow','Unknown',NULL,NULL,'2011-02-06 01:09:59','2011-03-11 04:26:22',0,''),(105,'Unkown','Emmanuel','Pothos','Unknown@unknown.edu','Unknow','Unknown',NULL,NULL,'2011-02-06 01:09:59','2011-03-11 04:26:22',0,''),(106,'Unkown','Christopher','Swan','Unknown@unknown.edu','Unknow','Unknown',NULL,NULL,'2011-02-06 01:09:59','2011-03-11 04:26:22',0,''),(107,'ECE','Aleksandar ','Stankovic','astankov@ece.tufts.edu','7-5170','Analytical and Experimental Work Involving Modeling, Control, and Estimation in Electric Energy Processing\r\nPower Electronics, Power Systems, and Electric Drives','http://www.ece.tufts.edu/~astankov/','http://www.ece.tufts.edu/people/pics/stankovic.jpg','2011-02-09 02:01:19','2011-03-11 04:26:22',1,''),(108,'ECE','Usman','Khan','khan@ece.tufts.edu','7-5299','Robotics\r\nSignal processing\r\nSensing in the context of distributed estimation and control algorithms\r\nDistributed, iterative algorithms in random environments','http://www.eecs.tufts.edu/~khan/','http://www.eecs.tufts.edu/~khan/usman_pic5.jpg','2011-02-09 02:04:49','2011-03-11 04:26:22',1,''),(110,'CS','Remco','Chang','remco@cs.tufts.edu','7-3681','Visual Analytics\r\nInformation Visualization\r\nComputer Graphics\r\nUrban Modeling','http://www.cs.tufts.edu/~remco/','http://www.cs.tufts.edu/people/faculty/images/remco.jpg','2011-02-09 02:12:04','2011-03-11 04:26:22',1,''),(111,'CS','Matthias','Scheutz','mscheutz@cs.tufts.edu','7-0453','Artificial Intelligence\r\nArtificial Life\r\nCognitive Modeling\r\nComplex Systems\r\nFoundations of Cognitive Science\r\nHuman-Robot Interaction\r\nMulti-scale Agent-based Models\r\nNatural Language Processing','http://www.cs.tufts.edu/~mscheutz','http://www.cs.tufts.edu/people/faculty/images/matthias.jpg','2011-02-09 02:14:34','2011-03-11 20:42:51',1,'CEEO'),(112,'BME','Lauren','Black','lauren.black@tufts.edu','7-3231','Dr. Black\'s research interests lie in understanding the biophysical signaling mechanisms responsible for the development of healthy and diseased myocardium inclusive of mechanical stress/strain, electrical stimulation, and cell-cell/ cell-matrix interactions. The ultimate goal of his research is to design and develop new methods for repairing diseased or damaged myocardium.','http://engineering.tufts.edu/bme/people/black/index.asp','http://engineering.tufts.edu/bme/photos/facultyBlack.jpg','2011-02-09 02:18:08','2011-03-11 04:26:22',1,''),(113,'BME','Qiaobing','Xu','Qiaobing.Xu@tufts.edu','7-4322','Dr. Xus research interests lie at the intersection of material science engineering, specifically nanoscience, and biomedical application. His work looks at developing new synthetic materials for the delivery of therapeutic biomacromolecules. In his postdoctoral research, Xu synthesized a library of lipid-like molecules, which were tested for efficacy both in vitro and in vivo in the delivery of protein and messenger RNA. Xu is currently investigating the use of drug delivery as a tool to stimulate host immune system for cancer vaccine applications. Xu is also working on using micro/nanofabrication as tools for tissue engineering applications.','http://engineering.tufts.edu/bme/people/xu/index.asp','http://engineering.tufts.edu/bme/photos/facultyXu.jpg','2011-02-09 02:19:42','2011-03-11 04:26:22',1,''),(114,'CEE','Elena','Naumova','elena.naumova@tufts.edu','7-XXXX','Dr. Naumova\'s area of expertise is in methodology development for modeling of transient processes with application in environmental epidemiology, infectious diseases, and public health. Her research on developing innovative analytical and computational tools for monitoring environmentally-driven infections and longitudinal studies of growth is funded by NIAID, NIEHS, and EPA. She is facilitates utilization of novel data sources, including remote sensing data and satellite imagery for better understanding the nature and etiology of diseases on local and global scales. She applied her theoretical work to studies of infections sensitive to climate variations and extreme weather events. Her research activities span a broad range of research programs in emerging and re-emerging diseases, environmental epidemiology, molecular biology and immunogenetics, nutrition and growth. Dr. Naumova is participating in a number of international projects collaborating with epidemiologists, immunologists, and public health professionals in India, Kenya, Ecuador, Japan, Canada, UK, and Russia.','http://www.tufts.edu/med/informid/','http://engineering.tufts.edu/cee/people/naumova/naumova.jpg','2011-02-09 02:24:47','2011-03-11 04:26:22',1,''),(115,'ME','Michael','Zimmerman','Michael.Zimmerman@tufts.edu','7-3239','Prof. Zimmermans areas of expertise are in materials, processing, design for manufacture, computer simulations, new product ideas, and electronic packaging. He is an entrepreneur and visionary with extensive international work experience in Europe and Asia, understands the entrepreneurial and start-up world.','http://engineering.tufts.edu/me/people/zimmerman/index.asp','http://engineering.tufts.edu/me/photos/facultyZimmerman.jpg','2011-02-09 02:38:54','2011-03-11 04:26:22',0,''),(116,'CS','Ethan','Danahy','edanahy@eecs.tufts.edu','(617) 381-4810','Ethan focuses on technology solutions assisting engineering education. As manager of several of the Center for Engineering Education and Outreach\'s projects, he oversees the design, implementation, and deployment of these products, while simultaneously serving as one of the main developers in the group.','http://www.ceeo.tufts.edu/People/ethandanahy.html','http://www.cs.tufts.edu/people/faculty/images/ethandanahy.jpg','2011-03-11 20:34:46','2011-03-11 20:34:46',0,'CEEO'),(117,'CEEO','David','Hammer','David.Hammer@tufts.edu','(617) 871-0252','My work has been in the learning and teaching of science, mainly physics, across ages from young children through adults. More specifically, I\'ve studied students\' intuitive \"epistemologies\" (knowledge about knowing and learning), how instructors interpret and respond to student thinking, and on resource-based models of knowledge and reasoning.','http://web.me.com/hammerd','http://web.me.com/hammerd/home/index_files/davidpic.jpg','2011-03-11 20:37:32','2011-03-11 20:37:32',0,'CEEO'),(118,'ED','Barbara ','Brizuela','barbara.brizuela@tufts.edu','(617) 627-4721','Brbara studied in Argentina and the US, where she moved in 1995. She has been a kindergarten and seventh grade teacher in Argentina as well as a Spencer Foundation research training grantee. In 2008-2009 Brbara was a Spencer Fellow, a Fulbright Senior Scholar, and a Schuster Family Faculty Fellow in Arts & Sciences (Tufts University). Her current research focuses on children\'s learning of written numbers, notational aspects of mathematics (see http://ase.tufts.edu/education/projects/researchMathNotation.asp), and children\'s learning of elementary mathematics, including early algebra. \r\n\r\nSince 1998, she has also been involved in a research project on children\'s early algebraic reasoning and teaching elementary school children, exploring the intertwined nature of arithmetic and algebra (see www.earlyalgebra.org). In the past, she has also investigated the connections between engineering and algebra through a project funded by the General Electric Foundation. Her main areas of interest are early childhood education, cognitive development, and mathematics education.','http://ase.tufts.edu/education/faculty/brizuela.asp','','2011-03-11 20:39:28','2011-03-14 01:15:00',0,'CEEO'),(119,'ED','Morgan','Hynes','morgan.hynes@tufts.edu','617-627-5888','Morgan Hynes graduated from Tufts with a BS in Mechanical Engineering in 2001 and went on to work as an engineer for three years. During this time, Morgan realized that he wanted more students to have the opportunity to learn about engineering and learn STEM concepts through engineering. Morgan was accepted into the Tufts Math, Science, Technology, and Engineering (MSTE) Education program in 2004 and graduated with a Ph.D. in Engineering Education in 2009. Morgan has been working at the Tufts University Center for Engineering Educational Outreach (CEEO) since 2004. At the CEEO, Morgan has written middle-school curriculum, led teacher professional development programs, co-taught a freshman engineering course,  and is currently co-editor-in-chief of LEGO Engineering.com a website dedicated to providing teachers with resources to teach using the LEGO tool set.','http://www.ceeo.tufts.edu/People/morganhynes.html','http://www.ceeo.tufts.edu/images/ceeo_staff/mhynes2.jpg','2011-03-11 20:41:01','2011-03-11 20:41:01',0,'CEEO'),(120,'ED','Merredith','Portsmore','merredith.portsmore@tufts.edu','617-627-5888','Merredith is the Director of Outreach Programs for the CEEO.  She is responsible for overseeing all of the Center\'s outreach programs and efforts in the community. She is the founder of the Tufts University STOMP program and original developer of LEGOengineering.com. Merredith\'s current research focuses on how first grade students engage in understanding and solving engineering design problems.\r\n','http://www.ceeo.tufts.edu/People/merredithportsmore.html','http://www.ceeo.tufts.edu/images/ceeo_staff/mportsmore.jpg','2011-03-11 20:42:27','2011-03-11 20:42:27',0,'CEEO'),(121,'BIO','Barry','Trimmer','barry.trimmer@tufts.edu','617-627-3924','Dr. Trimmer\'s laboratory is interested in the neural processes that organize sensory and motor information. We use an insect (the tobacco hornworm, Manduca sexta) as our model system because it has a brain with fewer neurons, many of which can be identified and kept alive outside the animal.\r\n\r\nCurrently we are pursuing three major projects: \r\n\r\n1. The neural control of soft-bodied locomotion where we are trying to understand how the nervous system controls complex movements. These studies have potential applications in the design and control of a new type of flexible robot using neuromechanics. \r\n\r\n2. The structure and function of neuronal acetylcholine receptors. These receptors mediate the transmission of sensory information into the brain and we are looking at the biochemical and electrical components of signaling and how different types of receptors interact. Our findings could be relevant for alleviating nicotine addiction and for understanding epilepsy. \r\n\r\n3. The range and specificity of nitric oxide (NO) signaling in the brain. Comparatively little is known about the role of this free-radical transmitter in the brain. We have identified individual NO-producing and responding neurons in the living nervous system and our goal is to establish how they communicate and what behaviors they control. This work will help to understand how groups of neurons are coordinated and how the brain is damaged by a stroke or other traumatic injury. ','http://ase.tufts.edu/biology/faculty/trimmer/','http://ase.tufts.edu/biology/images/facTrimmer.jpg','2011-03-11 20:45:07','2011-03-11 20:45:07',0,'CEEO');
/*!40000 ALTER TABLE `researchers` ENABLE KEYS */;
UNLOCK TABLES;

--
-- Table structure for table `schema_migrations`
--

DROP TABLE IF EXISTS `schema_migrations`;
SET @saved_cs_client     = @@character_set_client;
SET character_set_client = utf8;
CREATE TABLE `schema_migrations` (
  `version` varchar(255) collate utf8_unicode_ci NOT NULL,
  UNIQUE KEY `unique_schema_migrations` (`version`)
) ENGINE=InnoDB DEFAULT CHARSET=utf8 COLLATE=utf8_unicode_ci;
SET character_set_client = @saved_cs_client;

--
-- Dumping data for table `schema_migrations`
--

LOCK TABLES `schema_migrations` WRITE;
/*!40000 ALTER TABLE `schema_migrations` DISABLE KEYS */;
INSERT INTO `schema_migrations` VALUES ('20110110212217'),('20110112011436'),('20110112012024'),('20110112012115'),('20110112012441'),('20110112012522'),('20110115060157'),('20110120024638'),('20110204180947'),('20110204182030'),('20110206050200'),('20110206062046'),('20110206062455'),('20110208211358'),('20110209180102'),('20110303155425'),('20110303161239'),('20110311034114'),('20110312050534'),('20110312051845'),('20110312075644');
/*!40000 ALTER TABLE `schema_migrations` ENABLE KEYS */;
UNLOCK TABLES;

--
-- Table structure for table `students`
--

DROP TABLE IF EXISTS `students`;
SET @saved_cs_client     = @@character_set_client;
SET character_set_client = utf8;
CREATE TABLE `students` (
  `id` int(11) NOT NULL auto_increment,
  `dept` varchar(255) collate utf8_unicode_ci default NULL,
  `fname` varchar(255) collate utf8_unicode_ci default NULL,
  `lname` varchar(255) collate utf8_unicode_ci default NULL,
  `degree` varchar(255) collate utf8_unicode_ci default NULL,
  `advisor_fname` varchar(255) collate utf8_unicode_ci default NULL,
  `advisor_lname` varchar(255) collate utf8_unicode_ci default NULL,
  `research` text collate utf8_unicode_ci,
  `link` varchar(255) collate utf8_unicode_ci default NULL,
  `photo` varchar(255) collate utf8_unicode_ci default NULL,
  `created_at` datetime default NULL,
  `updated_at` datetime default NULL,
  PRIMARY KEY  (`id`)
) ENGINE=InnoDB AUTO_INCREMENT=140 DEFAULT CHARSET=utf8 COLLATE=utf8_unicode_ci;
SET character_set_client = @saved_cs_client;

--
-- Dumping data for table `students`
--

LOCK TABLES `students` WRITE;
/*!40000 ALTER TABLE `students` DISABLE KEYS */;
INSERT INTO `students` VALUES (1,'BME','Charles','Banos','PhD','Catherine','Kuo',NULL,NULL,NULL,NULL,NULL),(2,'BME','Amanda','Baryshyan','PhD','David','Kaplan','Chembots - SOE',NULL,NULL,NULL,NULL),(3,'BME','Evangelia','Bellas','PhD','David','Kaplan','Soft Tissue Reconstruction',NULL,NULL,NULL,NULL),(4,'BME','Jason','Bressner','PhD','David','Kaplan','Biodegradable Communications System Phase II',NULL,NULL,NULL,NULL),(5,'BME','Jeffrey','Brown','PhD','Catherine','Kuo',NULL,NULL,NULL,NULL,NULL),(6,'BME','Debbie','Chen','PhD','Sergio','Fantini','Biological Mechanism of Fast Near-Inrared Signals in Peripheral Nerves',NULL,NULL,NULL,NULL),(7,'BME','Thomas','Dabrowski','MS','David','Kaplan','Biodegradable Communications System Phase II',NULL,NULL,NULL,NULL),(8,'BME','Roberto','Elia','MS','Robert','Peattie',' Engineering an Angiogenic Cardiac Patch',NULL,NULL,NULL,NULL),(9,'BME','Violet','Finley','MS','Catherine','Kuo',NULL,NULL,NULL,NULL,NULL),(10,'BME','Dean','Glettig','PhD','David','Kaplan','Craniofacial Tissue Engineering',NULL,NULL,NULL,NULL),(11,'BME','Cherry','Greiner','PhD','Irene','Georgakoudi','Optical Biomarkers for the non-invasive detection of early cancer',NULL,NULL,NULL,NULL),(12,'BME','Jonathan','Kluge','PhD','David','Kaplan','Chembots - SOE',NULL,NULL,NULL,NULL),(13,'BME','Reynald','Lescarbeau','PhD','David','Kaplan','Functionalized Silk Materials',NULL,NULL,NULL,NULL),(14,'BME','Joseph','Marturano','MS','Catherine','Kuo',NULL,NULL,NULL,NULL,NULL),(15,'BME','Eleanor','Pritchard','PhD','David','Kaplan','Long Term Drug Release for Epilepsy Treatment',NULL,NULL,NULL,NULL),(16,'BME','Michaela','Reagan','PhD','David','Kaplan','Screening Angiogenic Potential of Various Cell Lines Using the CAM Assay',NULL,NULL,NULL,NULL),(17,'BME','Rebecca','Scholl','PhD','David','Kaplan','Functionalized Silk Materials',NULL,NULL,NULL,NULL),(18,'BME','Sejuti','Sengupta','MS','David','Kaplan','In Vitro 3D Tissue Model for Kidney Disease Responses',NULL,NULL,NULL,NULL),(19,'BME','Sarah','Sundelacruz','PhD','David','Kaplan','Stern Family Prof Engineering',NULL,NULL,NULL,NULL),(20,'BME','Amelia','Thomas','PhD','Catherine','Kuo',NULL,NULL,NULL,NULL,NULL),(21,'BME','Konstantinos','Tsioris','PhD','David','Kaplan','Biodegradable Communications System Phase II',NULL,NULL,NULL,NULL),(22,'BME','Marie','Tupaj','PhD','David','Kaplan','Tissue Engineering Research Center - Year 6',NULL,NULL,NULL,NULL),(23,'BME','Joanna','Xylas','PhD','Irene','Georgakoudi','CAREER: Non-invasive modalities for optical imaging of cell-matrix interactions in engineered tissues',NULL,NULL,NULL,NULL),(24,'BME','Yang','Yu','PhD','Sergio','Fantini','Biological Mechanism of Fast Near-Inrared Signals in Peripheral Nerves',NULL,NULL,NULL,NULL),(25,'BME','Feng','Zheng','PhD','Robert','Jacob','Human Computer Interaction',NULL,NULL,NULL,NULL),(26,'CEE','Ali','Akanda','PhD','Shafiqul','Islam',NULL,NULL,NULL,NULL,NULL),(27,'CEE','Matthew','Becker','MS','Kurt','Pennell','Modeling and Synthesis of High Mobility Nanoparticles for Advanced Oil Recovery',NULL,NULL,NULL,NULL),(28,'CEE','Iman','Behmanesh','PhD','Babak','Moaveni',NULL,NULL,NULL,NULL,NULL),(29,'CEE','Ali','Boroumand','PhD','C. Andrew','Ramsburg','Multiphase Porous Media',NULL,NULL,NULL,NULL),(30,'CEE','Amanda M','Chassot','PhD','Shafiqul','Islam','Variations and Trends in Fall Precipitation Over the Central United States: Issues of Physical Mechanisms, Circulation Anomalies and Boundary Forces',NULL,NULL,NULL,NULL),(31,'CEE','Jessica','Englehart','MS','Kurt','Pennell','Fate and Transport of Metal based nanoparticles in the subsurface',NULL,NULL,NULL,NULL),(32,'CEE','Rhiannon','Ervin','PhD','Linda','Abriola','NAPL Source Zones',NULL,NULL,NULL,NULL),(33,'CEE','Byeongju','Jung','PhD','Anne','Gardulski','Geology Gift',NULL,NULL,NULL,NULL),(34,'CEE','Antarpreet','Jutla','PhD','Shafiqul','Islam','Variations and Trends in Fall Precipitation Over the Central United States: Issues of Physical Mechanisms, Circulation Anomalies and Boundary Forces',NULL,NULL,NULL,NULL),(35,'CEE','James','Kaklamanos','MS','Diane','Souvaine','S-STEM Scholarships',NULL,NULL,NULL,NULL),(36,'CEE','Mary','McCormick','PhD','Christopher','Swan','GRS Supplement to: The Role of Service-Learning: Improving Engineering Education; Attracting Women Into Engineering',NULL,NULL,NULL,NULL),(37,'CEE','Katherine','Merriam','MS','Linda','Abriola','Development and opitimization of targeted nanoscale iron delivery methods for treatment of NAPL source zones',NULL,NULL,NULL,NULL),(38,'CEE','Eugene','Morgan','PhD','Laurie','Baise','Offshore Geohazards',NULL,NULL,NULL,NULL),(39,'CEE','Thomas','Oommen','PhD','Laurie','Baise','CAREER: Integrated research and education in regional evaluation of seismic hazards (REU)',NULL,NULL,NULL,NULL),(40,'CEE','Christopher','Paetsch','PhD','David','Kaplan','Chembots - SOE',NULL,NULL,NULL,NULL),(41,'CEE','Bindu','Panikkar','PhD','David','Gute','Assessing and Controlling Occupational Risks to Immigrant Populations, Somerville',NULL,NULL,NULL,NULL),(42,'CEE','Eric','Pheifer','MS','Masoud','Sanayei','Tobin Bridge: Structural Modeling, Analysis, and Health Monitoring',NULL,NULL,NULL,NULL),(43,'CEE','John','Phelps','MS','Masoud','Sanayei','Whatever happened to long term bridge design?',NULL,NULL,NULL,NULL),(44,'CEE','Sandeep','Sathyamoorthy','PhD','C. Andrew','Ramsburg',NULL,NULL,NULL,NULL,NULL),(45,'CEE','Jesse','Sipple','PhD','Masoud','Sanayei','Whatever happened to long term bridge design?',NULL,NULL,NULL,NULL),(46,'CEE','Allison','St. Vincent','PhD','John','Durant','CAFEH scope',NULL,NULL,NULL,NULL),(47,'CEE','Douglas','Walker','PhD','Linda','Abriola','NAPL Source Zones',NULL,NULL,NULL,NULL),(48,'CEE','Zhenying','Zhang','MS','Steven','Chapra','Great Lakes Total Phosphorous Models and Loads: a 15 year update',NULL,NULL,NULL,NULL),(49,'CHE','Fredy','Afif','PhD','Christos','Georgakis','Systems Research Institute',NULL,NULL,NULL,NULL),(50,'CHE','Brett','Boghigian','PhD','Blaine','Pfeifer','Metabolic Engineering for Microbial Taxol Biosynthesis',NULL,NULL,NULL,NULL),(51,'CHE','Matthew','Boucher','PhD','Maria','Flytzani-Stephanopoulos','A rational approach to the evaluation of supported metals and surface alloys as oxidation and reforming catalysts',NULL,NULL,NULL,NULL),(52,'CHE','Katherine','Carson','PhD','Kyongbum','Lee','Acquisition of an LC-MS Facility for Research and Education in Metabolic Systems Biology',NULL,NULL,NULL,NULL),(53,'CHE','Andrew','Fiordalis','PhD','Christos','Georgakis','Systems Research Institute',NULL,NULL,NULL,NULL),(54,'CHE','Daniel','Hines','PhD','David','Kaplan','Long Term Drug Release for Epilepsy Treatment',NULL,NULL,NULL,NULL),(55,'CHE','Ning','Lai','PhD','Kyongbum','Lee','Acquisition of an LC-MS Facility for Research and Education in Metabolic Systems Biology',NULL,NULL,NULL,NULL),(56,'CHE','Foteini','Makrydaki','PhD','Christos','Georgakis','Systems Research Institute',NULL,NULL,NULL,NULL),(57,'CHE','Brian','Ricks','PhD','Maria','Flytzani-Stephanopoulos','Nanostructured, Metal-ion modified ceria and zirconia oxidation catalysts',NULL,NULL,NULL,NULL),(58,'CHE','Hai','Shi','PhD','Kyongbum','Lee','Acquisition of an LC-MS Facility for Research and Education in Metabolic Systems Biology',NULL,NULL,NULL,NULL),(59,'CHE','Gautham','Sridharan','PhD','Soha','Hassoun','Multi Resolution Partitioning and Kinetic Function Estimation for Dynamic Biochemical network Model Development',NULL,NULL,NULL,NULL),(60,'CHE','Lin','Sun','PhD','David','Kaplan','Tissue Engineering Research Center - Year 6',NULL,NULL,NULL,NULL),(61,'CHE','Ioannis','Valsamakis','PhD','Maria','Flytzani-Stephanopoulos','Nanostructured, Metal-ion modified ceria and zirconia oxidation catalysts',NULL,NULL,NULL,NULL),(62,'CHE','Yuan','Wang','PhD','Maria','Flytzani-Stephanopoulos','Nanocatalysis for Propulsion Applications',NULL,NULL,NULL,NULL),(63,'CHE','Nan','Yi','PhD','Maria','Flytzani-Stephanopoulos','Nanostructured, Metal-ion modified ceria and zirconia oxidation catalysts',NULL,NULL,NULL,NULL),(64,'CHE','Yanping','Zhai','PhD','Maria','Flytzani-Stephanopoulos','Nanostructured, Metal-ion modified ceria and zirconia oxidation catalysts',NULL,NULL,NULL,NULL),(65,'CHE','Haoran','Zhang','PhD','Blaine','Pfeifer','Metabolic Engineering for Microbial Taxol Biosynthesis',NULL,NULL,NULL,NULL),(66,'CHE','Branko','Zugic','PhD','Maria','Flytzani-Stephanopoulos','A rational approach to the evaluation of supported metals and surface alloys as oxidation and reforming catalysts',NULL,NULL,NULL,NULL),(67,'COMP','Edward','Aftandilian','PhD','Samuel','Guyer','Efficiently checking heap invariants using the garbage collector',NULL,NULL,NULL,NULL),(68,'COMP','Bilal','Ahmed','PhD','Linda','Abriola','NAPL Source Zones',NULL,NULL,NULL,NULL),(69,'COMP','Ryan','Crouser','PhD','Marina','Bers','Tangible Programming in Early Childhood Revisiting Development Assumptions through New Technologies',NULL,NULL,NULL,NULL),(70,'COMP','Noah','Daniels','PhD','Lenore','Cowen','Computational Methods for Wrapping and Threading Remote Protein Homologs',NULL,NULL,NULL,NULL),(71,'COMP','Andrew','Fox','PhD','Donna','Slonim','Evaluating Biological networks by Mining public data',NULL,NULL,NULL,NULL),(72,'COMP','Mashhood','Ishaque','PhD','Diane','Souvaine','Geometric Data Structures',NULL,NULL,NULL,NULL),(73,'COMP','Saket','Joshi','PhD','Roni','Khardon','Eager: First Order Decision Diagrams for Relational Markov Decision Processes',NULL,NULL,NULL,NULL),(74,'COMP','Alexandra','Lauric','PhD','Sarah','Frisken',NULL,NULL,NULL,NULL,NULL),(75,'COMP','Saeed','Majidi','PhD','Carla','Brodley','III-CXT-Medium: Interdisciplinary Machine Learning Research and Education',NULL,NULL,NULL,NULL),(76,'COMP','John','Mazella','MS','Gina','Siesing','Computer Svc Tlr',NULL,NULL,NULL,NULL),(77,'COMP','Umaa','Rebbapragada','PhD','Carla','Brodley','Discovering Unexpected Planets and Other Astonomical Oddities',NULL,NULL,NULL,NULL),(78,'COMP','Nathan','Ricci','PhD','Samuel','Guyer','Efficiently checking heap invariants using the garbage collector',NULL,NULL,NULL,NULL),(79,'COMP','Sai','Tang','BS','Hwa','Chang','CitySense',NULL,NULL,NULL,NULL),(80,'COMP','Erin','Treacy','PhD','Robert','Jacob','Human Computer Interaction',NULL,NULL,NULL,NULL),(81,'COMP','Ehsan','Ullah','PhD','Soha','Hassoun','Multi Resolution Partitioning and Kinetic Function Estimation for Dynamic Biochemical network Model Development',NULL,NULL,NULL,NULL),(82,'COMP','Amelio','Vazquez-Reina','PhD','Eric','Miller','Harvard IIC Support for Amelio Vasquez',NULL,NULL,NULL,NULL),(83,'COMP','Yuyang','Wang','PhD','Carla','Brodley','III-CXT-Medium: Interdisciplinary Machine Learning Research and Education',NULL,NULL,NULL,NULL),(84,'COMP','Douglas','Weaver','PhD','Soha','Hassoun','Multi Resolution Partitioning and Kinetic Function Estimation for Dynamic Biochemical network Model Development',NULL,NULL,NULL,NULL),(85,'COMP','Xintao','Wei','PhD','Donna','Slonim','Transitional Bioinformatics for Human Developmental Genomics',NULL,NULL,NULL,NULL),(86,'COMP','Mona','Yousofshahi','PhD','Soha','Hassoun','Multi Resolution Partitioning and Kinetic Function Estimation for Dynamic Biochemical network Model Development',NULL,NULL,NULL,NULL),(87,'EE','Alireza','Aghasi','PhD','Eric','Miller','Multi-Modal and Shape-based Inverse methods for the characterization of DNAPL Source Zone Architecture',NULL,NULL,NULL,NULL),(88,'EE','John','Chivers','PhD','Thomas','Vandervelde',NULL,NULL,NULL,NULL,NULL),(89,'EE','Dante','DeMeo','PhD','Thomas','Vandervelde','Agilent Micro Plasma Research',NULL,NULL,NULL,NULL),(90,'EE','Chandler','Downs','PhD','Thomas','Vandervelde','Agilent Micro Plasma Research',NULL,NULL,NULL,NULL),(91,'EE','Jian','Guo','PhD','David','Walt','Chemical Communications',NULL,NULL,NULL,NULL),(92,'EE','Fridrik','Larusson','PhD','Eric','Miller',NULL,NULL,NULL,NULL,NULL),(93,'EE','Samuel','MacNaughton','MS','David','Kaplan','Chembots - SOE',NULL,NULL,NULL,NULL),(94,'EE','Naoto','Miura','PhD','Jeffrey','Hopwood','Start Up - Hopwood',NULL,NULL,NULL,NULL),(95,'EE','Scott','Pruessing','PhD','David','Kaplan','Chembots - SOE',NULL,NULL,NULL,NULL),(96,'EE','Nahid','Rahman','PhD','Mohammed','Afsar','Microwave-Nahid Rahman Stipend',NULL,NULL,NULL,NULL),(97,'EE','George','Saveriades','PhD','Emmanuel','Pothos','Research Fellowship',NULL,NULL,NULL,NULL),(98,'EE','Oguz','Semerci','PhD','Eric','Miller','ALERT (Awareness and Limitation of Explosive-Related Threats)',NULL,NULL,NULL,NULL),(99,'EE','Corey','Shemelya','PhD','Thomas','Vandervelde','Agilent Micro Plasma Research',NULL,NULL,NULL,NULL),(100,'EE','Michael','Trakimas','PhD','Sameer','Sonkusale','Development of Integrated RF CMOS Receiver for Ultra Low Power Applications',NULL,NULL,NULL,NULL),(101,'EE','Sampathkumar','Veeraraghavan','PhD','Karen','Panetta','Edge Detection Alogrithms for threat object detection and recognition',NULL,NULL,NULL,NULL),(102,'EE','Yue','Wu','PhD','Joseph','Noonan','Multilingual Automatic Document Classification, Analysis, and Translation (MADCAT)',NULL,NULL,NULL,NULL),(103,'EE','Ruida','Yun','PhD','Valencia','Joyner','BRIGE: Intergrated Multi-Mode Imaging Sensors for Frequency-Domain Biomedical Imaging',NULL,NULL,NULL,NULL),(104,'EE','Zhibo','Zhang','PhD','Jeffrey','Hopwood','Instabilities in Nonthermal and Uniformity in Atmospheric Pressure Plasma',NULL,NULL,NULL,NULL),(105,'EE','Yicong','Zhou','PhD','Karen','Panetta','Edge Detection Alogrithms for threat object detection and recognition',NULL,NULL,NULL,NULL),(106,'ME','Douglas','Breault','MS','Marc','Hodes',NULL,NULL,NULL,NULL,NULL),(107,'ME','Sarah','Briggs','MS','Richard','Wlezien',NULL,NULL,NULL,NULL,NULL),(108,'ME','Alfram','Bright','PhD','Richard','Wlezien','Laser-based Active Aircraft division',NULL,NULL,NULL,NULL),(109,'ME','Paul','Choufani','MS','Douglas','Matson','LODESTARS program',NULL,NULL,NULL,NULL),(110,'ME','Jessica','Eisenstein','MS','Caroline','Cao','CAREER: Adapting to technology in minimally invasive surgery',NULL,NULL,NULL,NULL),(111,'ME','Roselita','Fragoudauis','PhD','Douglas','Matson','LODESTARS program',NULL,NULL,NULL,NULL),(112,'ME','Joshua','Krause','PhD','Robert','White','BoundaryLayer Characterization',NULL,NULL,NULL,NULL),(113,'ME','Robert','Linsalata','MS','Chris','Rogers','LABView for HighSchool Product',NULL,NULL,NULL,NULL),(114,'ME','Shuangqin','Liu','PhD','Robert','White',NULL,NULL,NULL,NULL,NULL),(115,'ME','Philip','Mallon','MS','Luisa','Chiesa',NULL,NULL,NULL,NULL,NULL),(116,'ME','Steven','McHugh','MS','Jason','Rife',NULL,NULL,NULL,NULL,NULL),(117,'ME','Drew','Mills','MS','Richard','Wlezien','Optimization of Transport Processes in Aerogel Blanket Manufacture',NULL,NULL,NULL,NULL),(118,'ME','Kyle','O\'brien','MS','Richard','Wlezien','Laser-based Active Aircraft division',NULL,NULL,NULL,NULL),(119,'ME','David','Orellano','MS','Richard','Wlezien','Optimization of Transport Processes in Aerogel Blanket Manufacture',NULL,NULL,NULL,NULL),(120,'ME','Jeremiah','Palmer','MS','Chris','Rogers','LABView for HighSchool Product',NULL,NULL,NULL,NULL),(121,'ME','Francesco','Pancheri','PhD','David','Kaplan','Chembots - SOE',NULL,NULL,NULL,NULL),(122,'ME','Jason','Prapas','MS','Richard','Wlezien','Optimization of Transport Processes in Aerogel Blanket Manufacture',NULL,NULL,NULL,NULL),(123,'ME','Frank','Saunders','PhD','Barry','Trimmer','ChemBots: Morphing soft-material robots for covert access',NULL,NULL,NULL,NULL),(124,'ME','Matthew','Sherman','MS','Richard','Wlezien','Optimization of Transport Processes in Aerogel Blanket Manufacture',NULL,NULL,NULL,NULL),(125,'ME','Minchul','Shin','PhD','David','Kaplan','Chembots - SOE',NULL,NULL,NULL,NULL),(126,'ME','Peter','Sneeringer','MS','Chris','Rogers','Using Wide-Spread Collaboration to Motivate Innovation and Creativity',NULL,NULL,NULL,NULL),(127,'ME','Erich','Tisch','MS','Christopher','Swan','The Role of Service-Learning: Improving Engineering Education; Attracting Women Into Engineering',NULL,NULL,NULL,NULL),(128,'ME','Matthew','Van Lieshout','MS','Marc','Hodes',NULL,NULL,NULL,NULL,NULL),(129,'ME','Tiening','Wang','MS','Luisa','Chiesa',NULL,NULL,NULL,NULL,NULL),(130,'ED','Kristen','Bethke Wendell','PhD','Chris','Rogers','Impact of LEGO-design-based curricula on 3rd and 4th grade students\' understandings of fundamental science concepts.',NULL,NULL,NULL,NULL),(131,'ED','Mary','Caddle','PhD','Diane','Souvaine','Problem Solving with Discrete Mathematics (PSDM)',NULL,NULL,NULL,NULL),(132,'ED','Adam','Carberry','PhD','Christopher','Swan','Investigating students learning engineering through service-learning',NULL,NULL,NULL,NULL),(133,'ED','Brian','Gravel','PhD','Chris','Rogers','Integrated perspectives on the role of learning and appropriating representationsin constructing science understanding',NULL,NULL,NULL,NULL),(134,'ED','Elsa','Head','PhD','Chris','Rogers','Co-manager of STOMP',NULL,NULL,NULL,NULL),(135,'ED','Amber','Kendall','MS','Chris','Rogers','Transforming Elementary Science Learning through LEGO(TM) Engineering Design',NULL,NULL,NULL,NULL),(136,'ED','Jed','Palmer','MS','Chris','Rogers','Works at CEEO creating a robotics programming language',NULL,NULL,NULL,NULL),(137,'ED','Merredith','Portsmore','PhD','Chris','Rogers','Focus on how first grade students engage in understanding and solving engineering design problems',NULL,NULL,NULL,NULL),(138,'ED','Peter','Sneeringer','MS','Chris','Rogers','Research on how students use RoboBooks software and associated website and how those products foster collaboration among those students.',NULL,NULL,NULL,NULL),(139,'ED','Christopher','Wright','PhD','Chris','Rogers','Theory of design-based science teaching and learning: Recognizing the voices of students of color',NULL,NULL,'2010-05-17 19:16:31',NULL);
/*!40000 ALTER TABLE `students` ENABLE KEYS */;
UNLOCK TABLES;

--
-- Table structure for table `users`
--

DROP TABLE IF EXISTS `users`;
SET @saved_cs_client     = @@character_set_client;
SET character_set_client = utf8;
CREATE TABLE `users` (
  `id` int(11) NOT NULL auto_increment,
  `name` varchar(255) collate utf8_unicode_ci default NULL,
  `hashed_password` varchar(255) collate utf8_unicode_ci default NULL,
  `salt` varchar(255) collate utf8_unicode_ci default NULL,
  `created_at` datetime default NULL,
  `updated_at` datetime default NULL,
  PRIMARY KEY  (`id`)
) ENGINE=InnoDB AUTO_INCREMENT=2 DEFAULT CHARSET=utf8 COLLATE=utf8_unicode_ci;
SET character_set_client = @saved_cs_client;

--
-- Dumping data for table `users`
--

LOCK TABLES `users` WRITE;
/*!40000 ALTER TABLE `users` DISABLE KEYS */;
INSERT INTO `users` VALUES (1,'soeadmin','4cd77db0542f1ce5bc1b9218e6bc616e2e224d176bc8b992a93c679143b4b1cb','21748376800.815059919998395','2011-02-06 01:10:00','2011-02-06 01:10:00');
/*!40000 ALTER TABLE `users` ENABLE KEYS */;
UNLOCK TABLES;
/*!40103 SET TIME_ZONE=@OLD_TIME_ZONE */;

/*!40101 SET SQL_MODE=@OLD_SQL_MODE */;
/*!40014 SET FOREIGN_KEY_CHECKS=@OLD_FOREIGN_KEY_CHECKS */;
/*!40014 SET UNIQUE_CHECKS=@OLD_UNIQUE_CHECKS */;
/*!40101 SET CHARACTER_SET_CLIENT=@OLD_CHARACTER_SET_CLIENT */;
/*!40101 SET CHARACTER_SET_RESULTS=@OLD_CHARACTER_SET_RESULTS */;
/*!40101 SET COLLATION_CONNECTION=@OLD_COLLATION_CONNECTION */;
/*!40111 SET SQL_NOTES=@OLD_SQL_NOTES */;

-- Dump completed on 2011-03-14  1:26:28
