-- MySQL dump 10.11
--
-- Host: mysql-user    Database: soeresearch
-- ------------------------------------------------------
-- Server version	5.0.77

/*!40101 SET @OLD_CHARACTER_SET_CLIENT=@@CHARACTER_SET_CLIENT */;
/*!40101 SET @OLD_CHARACTER_SET_RESULTS=@@CHARACTER_SET_RESULTS */;
/*!40101 SET @OLD_COLLATION_CONNECTION=@@COLLATION_CONNECTION */;
/*!40101 SET NAMES utf8 */;
/*!40103 SET @OLD_TIME_ZONE=@@TIME_ZONE */;
/*!40103 SET TIME_ZONE='+00:00' */;
/*!40014 SET @OLD_UNIQUE_CHECKS=@@UNIQUE_CHECKS, UNIQUE_CHECKS=0 */;
/*!40014 SET @OLD_FOREIGN_KEY_CHECKS=@@FOREIGN_KEY_CHECKS, FOREIGN_KEY_CHECKS=0 */;
/*!40101 SET @OLD_SQL_MODE=@@SQL_MODE, SQL_MODE='NO_AUTO_VALUE_ON_ZERO' */;
/*!40111 SET @OLD_SQL_NOTES=@@SQL_NOTES, SQL_NOTES=0 */;

--
-- Table structure for table `centers`
--

DROP TABLE IF EXISTS `centers`;
SET @saved_cs_client     = @@character_set_client;
SET character_set_client = utf8;
CREATE TABLE `centers` (
  `id` int(11) NOT NULL auto_increment,
  `name` varchar(255) collate utf8_unicode_ci default NULL,
  `created_at` datetime default NULL,
  `updated_at` datetime default NULL,
  `abbreviation` varchar(255) collate utf8_unicode_ci default NULL,
  PRIMARY KEY  (`id`)
) ENGINE=InnoDB DEFAULT CHARSET=utf8 COLLATE=utf8_unicode_ci;
SET character_set_client = @saved_cs_client;

--
-- Dumping data for table `centers`
--

LOCK TABLES `centers` WRITE;
/*!40000 ALTER TABLE `centers` DISABLE KEYS */;
/*!40000 ALTER TABLE `centers` ENABLE KEYS */;
UNLOCK TABLES;

--
-- Table structure for table `centers_researchers`
--

DROP TABLE IF EXISTS `centers_researchers`;
SET @saved_cs_client     = @@character_set_client;
SET character_set_client = utf8;
CREATE TABLE `centers_researchers` (
  `center_id` int(11) default NULL,
  `researcher_id` int(11) default NULL
) ENGINE=InnoDB DEFAULT CHARSET=utf8 COLLATE=utf8_unicode_ci;
SET character_set_client = @saved_cs_client;

--
-- Dumping data for table `centers_researchers`
--

LOCK TABLES `centers_researchers` WRITE;
/*!40000 ALTER TABLE `centers_researchers` DISABLE KEYS */;
/*!40000 ALTER TABLE `centers_researchers` ENABLE KEYS */;
UNLOCK TABLES;

--
-- Table structure for table `confirm_projects`
--

DROP TABLE IF EXISTS `confirm_projects`;
SET @saved_cs_client     = @@character_set_client;
SET character_set_client = utf8;
CREATE TABLE `confirm_projects` (
  `id` int(11) NOT NULL auto_increment,
  `title` varchar(255) collate utf8_unicode_ci default NULL,
  `agency` varchar(255) collate utf8_unicode_ci default NULL,
  `researcher_id` int(11) default NULL,
  `dept` varchar(255) collate utf8_unicode_ci default NULL,
  `created_at` datetime default NULL,
  `updated_at` datetime default NULL,
  PRIMARY KEY  (`id`)
) ENGINE=InnoDB AUTO_INCREMENT=2898 DEFAULT CHARSET=utf8 COLLATE=utf8_unicode_ci;
SET character_set_client = @saved_cs_client;

--
-- Dumping data for table `confirm_projects`
--

LOCK TABLES `confirm_projects` WRITE;
/*!40000 ALTER TABLE `confirm_projects` DISABLE KEYS */;
INSERT INTO `confirm_projects` VALUES (2600,'3D CAM-Based Breast Cancer Osteotropism Disease Model','DoD',4,'BME','2011-07-20 21:15:12','2011-07-20 21:15:12'),(2601,'3D Tissue Model for Kidney Disease','Genzyme',4,'BME','2011-07-20 21:15:12','2011-07-20 21:15:12'),(2602,'A Combined Experimental-computational Method to Evaluate Abdominal Aortic Aneurysm Wall Stress','NSF',108,'BME','2011-07-20 21:15:12','2011-07-20 21:15:12'),(2603,'A device for imaging the neuroanatomy and transport function of peripheral nerves','Boston University (CIMIT-USAMRRA)',2,'BME','2011-07-20 21:15:12','2011-07-20 21:15:12'),(2604,'A Reusable, Extensible,Optimizing Back End','NSF',49,'CS','2011-07-20 21:15:12','2011-07-20 21:15:12'),(2605,'Adaptive Techniques for Optimizing Power Flows in Uncertain Energy Processing Systems $120K','NSF',89,'ECE','2011-07-20 21:15:12','2011-07-20 21:15:12'),(2606,'Adenosine Releasing Implants','Legacy (NIH)',4,'BME','2011-07-20 21:15:12','2011-07-20 21:15:12'),(2607,'Aerogel Blanket Manufacture','DoE ',69,'ME','2011-07-20 21:15:12','2011-07-20 21:15:12'),(2608,'AFIRM - Peripheral Nerve Repair','UPitt (DoD)',4,'BME','2011-07-20 21:15:12','2011-07-20 21:15:12'),(2609,'AFIRM ? Soft Tissue Repair','Wake F (DoD)',4,'BME','2011-07-20 21:15:12','2011-07-20 21:15:12'),(2610,'ALERT (Awareness and Limitation of Explosives-Related Threats)','Dept. Homeland Security (sub to Northeastern Univ)',60,'ECE','2011-07-20 21:15:12','2011-07-20 21:15:12'),(2611,'Aortic Aneurysm Pathobiology','NSF',4,'BME','2011-07-20 21:15:12','2011-07-20 21:15:12'),(2612,'Aortic Aneurysm Pathobiology','NSF',108,'BME','2011-07-20 21:15:12','2011-07-20 21:15:12'),(2613,'Application of Statistical Characterizations to Nonlinear Dynamics of Information Technologies','Italian Ministry of Higher Education',89,'ECE','2011-07-20 21:15:12','2011-07-20 21:15:12'),(2614,'BA Logix Inc.','Allied Minds',62,'ECE','2011-07-20 21:15:12','2011-07-20 21:15:12'),(2615,'Bandwidth Enhancement of Optical Transmitter Modules for VLC','BU Subcontract',57,'ECE','2011-07-20 21:15:12','2011-07-20 21:15:12'),(2616,'Berger Technology Transfer Grant: Geohazards Database Consortium','Tufts',9,'BME','2011-07-20 21:15:12','2011-07-20 21:15:12'),(2617,'Bioemulsifying Vaccine Delivery System','NIH',4,'BME','2011-07-20 21:15:12','2011-07-20 21:15:12'),(2618,'Biological mechanism of fast near-infrared signals in peripheral nerves','Boston University (NIH)',2,'BME','2011-07-20 21:15:12','2011-07-20 21:15:12'),(2619,'Biophysical Control of Regeneration','DARPA',4,'BME','2011-07-20 21:15:12','2011-07-20 21:15:12'),(2620,'Block travel','NSF',109,'ECE','2011-07-20 21:15:12','2011-07-20 21:15:12'),(2621,'Bone Regeneration via Silk Biomaterials','NIH',4,'BME','2011-07-20 21:15:12','2011-07-20 21:15:12'),(2622,'Bone Regeneration via Silk Biomaterials - Supplement','NIH',4,'BME','2011-07-20 21:15:12','2011-07-20 21:15:12'),(2623,'Boosting the Power Conversion Efficiency of Organic Photovoltaics to Create the Next Generation of Solar Cells','Tufts ? FRAC',35,'ChBE','2011-07-20 21:15:12','2011-07-20 21:15:12'),(2624,'BPC Pipeline: Five Year Extension','NSF',110,'CS','2011-07-20 21:15:12','2011-07-20 21:15:12'),(2625,'BPC: adapting to technology in minimally invasive surgery','NSF',66,'ME','2011-07-20 21:15:13','2011-07-20 21:15:13'),(2626,'Breast Cancer Metastasis','Komen Fdn',4,'BME','2011-07-20 21:15:13','2011-07-20 21:15:13'),(2627,'BRIGE: Multi-spectral, High-frequency Image Sensors for Frequency-Domain Biomedical Imaging','NSF',57,'ECE','2011-07-20 21:15:13','2011-07-20 21:15:13'),(2628,'Bringing Brain-Computer Interfaces into Mainstream HCI','NSF',47,'CS','2011-07-20 21:15:13','2011-07-20 21:15:13'),(2629,'C-- Development','Microsoft',49,'CS','2011-07-20 21:15:13','2011-07-20 21:15:13'),(2630,'Cardiovascular health benefits of indoor air filtration','Dept. HUD',15,'CEE','2011-07-20 21:15:13','2011-07-20 21:15:13'),(2631,'CAREER: Wireless Optical Sensors for High Resolution Imaging of Biological Structures','NSF',57,'ECE','2011-07-20 21:15:13','2011-07-20 21:15:13'),(2632,'Career: Adapting to technology in minimally invasive surgery','NSF',66,'ME','2011-07-20 21:15:13','2011-07-20 21:15:13'),(2633,'CAREER: Cell Matrix Interactions - Supplement','NSF',3,'BME','2011-07-20 21:15:13','2011-07-20 21:15:13'),(2634,'CAREER: Cell Matrix Interactions - Supplement','NSF',3,'BME','2011-07-20 21:15:13','2011-07-20 21:15:13'),(2635,'CAREER: Cooperative Virtual machines: Mechanisms and Policies for Application-Aware Runtime Services','NSF',44,'CS','2011-07-20 21:15:13','2011-07-20 21:15:13'),(2636,'CAREER: Extended Wavelength Thermophotovoltaics','NSF',65,'ECE','2011-07-20 21:15:13','2011-07-20 21:15:13'),(2637,'CAREER: Nanoelectrochemical Systems on Silicon','National Science Foundation',64,'ECE','2011-07-20 21:15:13','2011-07-20 21:15:13'),(2638,'CAREER: Non-Invasive Modalities of Optical Imaging of Cell-Matrix Interaction in Engineered Tissues','NSF',3,'BME','2011-07-20 21:15:13','2011-07-20 21:15:13'),(2639,'CAREER: Seismic Hazard Mapping','NSF',9,'BME','2011-07-20 21:15:13','2011-07-20 21:15:13'),(2640,'Catalyst Foundation ? Supplemental Award','Catalyst Foundation',57,'ECE','2011-07-20 21:15:13','2011-07-20 21:15:13'),(2641,'Chemical communications - phase II: Silk Optical Systems','DARPA',6,'BME','2011-07-20 21:15:13','2011-07-20 21:15:13'),(2642,'Cholera and Climate Change','NIH',19,'CEE','2011-07-20 21:15:13','2011-07-20 21:15:13'),(2643,'Circuits and Systems for Biological Implants','Tufts University',64,'ECE','2011-07-20 21:15:13','2011-07-20 21:15:13'),(2644,'CitiSense','NSF (BBN)',54,'ECE','2011-07-20 21:15:13','2011-07-20 21:15:13'),(2645,'Clare Boothe Luce Graduate Fellowships','Luce Found.',43,'CS','2011-07-20 21:15:13','2011-07-20 21:15:13'),(2646,'Coal- Based Adv Energy Systems/ Hot Gas desulfurization','DOE/GTI (contr)',30,'ChBE','2011-07-20 21:15:13','2011-07-20 21:15:13'),(2647,'Collab: Undrgrd Fluid Dynamics','NSF',102,'ME','2011-07-20 21:15:13','2011-07-20 21:15:13'),(2648,'Collaborative Research - Improving STEM Learning through Interactive RoboBooks','NSF',102,'ME','2011-07-20 21:15:13','2011-07-20 21:15:13'),(2649,'Collaborative Research with Tuft University and University of Alaska Fairbanks: Application of Satellite Data for Post-liquefaction Reconnaissance','USGS',9,'BME','2011-07-20 21:15:13','2011-07-20 21:15:13'),(2650,'Collaborative Research: 3D Integrated Imaging Receivers for Free-Space Optical MIMO','NSF',57,'ECE','2011-07-20 21:15:13','2011-07-20 21:15:13'),(2651,'Collaborative Research: Active Metamaterial/pHEMT Hybrid Devices for Terahertz Modulation and Detection','National Science Foundation',64,'ECE','2011-07-20 21:15:13','2011-07-20 21:15:13'),(2652,'Collaborative Research: IDBR: Metamaterial Enhanced Spectrometer for Terahertz Hyperspectral Imaging of Biological Specimens','National Science Foundation',64,'ECE','2011-07-20 21:15:13','2011-07-20 21:15:13'),(2653,'Collaborative Research: Microscale Joining Using Nanoheater Structures','NSF',111,'ME','2011-07-20 21:15:13','2011-07-20 21:15:13'),(2654,'Collaborative Research: NSCC/SA: Terror, Conflict Processes, Organizations, & Ideologies: Completing the Picture','NSF',54,'CS','2011-07-20 21:15:13','2011-07-20 21:15:13'),(2655,'Collaborative Research: Real-time Profiling of regulatory molecule network in adipocytes','NSF',32,'ChBE','2011-07-20 21:15:13','2011-07-20 21:15:13'),(2656,'Collaborative Research: Strengthening and Empowering the Leadership Alliance','NSF',46,'CS','2011-07-20 21:15:13','2011-07-20 21:15:13'),(2657,'Collaborative Research: the Role of Intentional Self Regulation in Achievement n Engineering (IEECI)','NSF',102,'ME','2011-07-20 21:15:13','2011-07-20 21:15:13'),(2658,'Compressive Terahertz Imager','Intelligence Community',64,'ECE','2011-07-20 21:15:13','2011-07-20 21:15:13'),(2659,'Computer Science, Engineering, & Math Scholarship Program','NSF S-STEM',51,'CS','2011-07-20 21:15:13','2011-07-20 21:15:13'),(2660,'Computing Undergraduates Scholars Program','NSF CUSP',51,'CS','2011-07-20 21:15:13','2011-07-20 21:15:13'),(2661,'Concurrent fMRI and NIRS of frontal lobe activation during marijuana smoking','McLean Hospital (NIH/NIDA)',2,'BME','2011-07-20 21:15:13','2011-07-20 21:15:13'),(2662,'Constant-Eye','DOE',9,'BME','2011-07-20 21:15:13','2011-07-20 21:15:13'),(2663,'Craniofacial Engineering','Infoscitex',4,'BME','2011-07-20 21:15:13','2011-07-20 21:15:13'),(2664,'Craniofacial Tissue Engineering','Columbia U (NIH)',4,'BME','2011-07-20 21:15:13','2011-07-20 21:15:13'),(2665,'Cyber-Physical Models in Naval Energy Systems $510K','ONR',89,'ECE','2011-07-20 21:15:13','2011-07-20 21:15:13'),(2666,'Delta Sigma Converters ? Draper Fellows Program for Ashwin Duggal','Draper Laboratories',64,'ECE','2011-07-20 21:15:13','2011-07-20 21:15:13'),(2667,'Design and Application of Microbial Uranium Reduction Monitoring Tools','DOE',24,'CEE','2011-07-20 21:15:13','2011-07-20 21:15:13'),(2668,'Design of a 10 Gb/s Inductor-less CMOS Optical Receiver for Dual-Mode RF/Optical Wireless Communication','MOSIS (Chip Fabrication Subsidy) ',57,'ECE','2011-07-20 21:15:13','2011-07-20 21:15:13'),(2669,'Design of Airfoils','General Electric  ',103,'ME','2011-07-20 21:15:13','2011-07-20 21:15:13'),(2670,'Develop and Assess Educational Models for Cross-disciplinary Project-Based Learning in Microsystem Design to Enhance Student Communication Skills','EIF',57,'ECE','2011-07-20 21:15:13','2011-07-20 21:15:13'),(2671,'Development of High Conductivity Ion Gels for Electrical Energy Storage','Tufts ? FRAC',35,'ChBE','2011-07-20 21:15:13','2011-07-20 21:15:13'),(2672,'Development of RF CMOS Receiver for Ultra-Low Power Applications','Lincoln Laboratories',64,'ECE','2011-07-20 21:15:13','2011-07-20 21:15:13'),(2673,'Device Development for Remote Non-destructive Testing and Measurement of Power Systems $500K','ONR MURI / Drexel',89,'ECE','2011-07-20 21:15:13','2011-07-20 21:15:13'),(2674,'Discovering Anomalies in Astrophysics','NASA',82,'CS','2011-07-20 21:15:13','2011-07-20 21:15:13'),(2675,'Discovering Unexpected Planets and Other Astronomical Oddities','NSF',82,'CS','2011-07-20 21:15:13','2011-07-20 21:15:13'),(2676,'DOE supplemental, $117K','DOE',56,'ECE','2011-07-20 21:15:13','2011-07-20 21:15:13'),(2677,'Draper Fellowship to Brian Nugent on Analog to Digital Converters','Draper Laboratories',64,'ECE','2011-07-20 21:15:13','2011-07-20 21:15:13'),(2678,'Draper Fellowship to Nick Marcoux on RF Devices and Circuits','Draper Laboratories',64,'ECE','2011-07-20 21:15:13','2011-07-20 21:15:13'),(2679,'DRK12','NSF',102,'ME','2011-07-20 21:15:13','2011-07-20 21:15:13'),(2680,'Droplet Size Characteristics of a Polar Emulsion with RNIP ZVI Entrained','Regenesis',25,'CEE','2011-07-20 21:15:13','2011-07-20 21:15:13'),(2681,'EAGER: Collaborative Research: Heterogeneous Integration of Nanotubes and Nanowires on flexible polymers with CMOS circuitry','National Science Foundation',64,'ECE','2011-07-20 21:15:13','2011-07-20 21:15:13'),(2682,'EAGER: First Order Decision Diagrams for Relational Markov Decision Processes','NSF',48,'CS','2011-07-20 21:15:13','2011-07-20 21:15:13'),(2683,'EFELTS','NSF',27,'CEE','2011-07-20 21:15:13','2011-07-20 21:15:13'),(2684,'Effective Human-Robot Interaction Through Natural Language Dialogue and Dynamic Autonomy','ONR MURI',92,'CS','2011-07-20 21:15:14','2011-07-20 21:15:14'),(2685,'Effective Human-Robot Interaction with USVs and UAVs through Robust Natural Language Dialogue and Dynamic Autonomy','ONR Expansion',92,'CS','2011-07-20 21:15:14','2011-07-20 21:15:14'),(2686,'Efficiently checking heap invarients using the garbage collector','NSF',44,'CS','2011-07-20 21:15:14','2011-07-20 21:15:14'),(2687,'Electrical Impedance Spectroscopic Sensor to Detect Tunnels and Infrastructure in Soil','NSF',60,'ECE','2011-07-20 21:15:14','2011-07-20 21:15:14'),(2688,'Electrowetting on dielectric  liquids','Darpa ',112,'ME','2011-07-20 21:15:14','2011-07-20 21:15:14'),(2689,'ELFSTONE','NASA',33,'ME','2011-07-20 21:15:14','2011-07-20 21:15:14'),(2690,'Energy Eff. Ozone Generation, $33k','Air Force STTR',56,'ECE','2011-07-20 21:15:14','2011-07-20 21:15:14'),(2691,'Engineered Cell Alignment for Improved Beating in a Fibrin-Based Heart Patch','NIH - NHLBI',93,'BME','2011-07-20 21:15:14','2011-07-20 21:15:14'),(2692,'Engineering a Microbial Fat Cell for Biofuel Production','Wittich',32,'ChBE','2011-07-20 21:15:14','2011-07-20 21:15:14'),(2693,'Engineering an Angiogenic Cardiac Patch','NSF',108,'BME','2011-07-20 21:15:14','2011-07-20 21:15:14'),(2694,'Engineering an in vitro model of Adipose Tissue Formation and Metabolism ','NIH',32,'ChBE','2011-07-20 21:15:14','2011-07-20 21:15:14'),(2695,'Equation-Free Approach to System-Level Dynamic Modeling in Electric Energy Processing $300K','NSF',89,'ECE','2011-07-20 21:15:14','2011-07-20 21:15:14'),(2696,'Equipment loan, Los Alamos','DoE',6,'BME','2011-07-20 21:15:14','2011-07-20 21:15:14'),(2697,'Estimation of Climatic and Anthropogenic Influences on Freshwater Availability','USGS',28,'CEE','2011-07-20 21:15:14','2011-07-20 21:15:14'),(2698,'EU Cognition Conference Grant','EU Cognition',92,'CS','2011-07-20 21:15:14','2011-07-20 21:15:14'),(2699,'Evaluating Biological Networks by Mining Public Data','NIH / NLM',50,'CS','2011-07-20 21:15:14','2011-07-20 21:15:14'),(2700,'Evaluation for Supported Materials','NSF',30,'ChBE','2011-07-20 21:15:14','2011-07-20 21:15:14'),(2701,'EVIDENCE-BASED FUSION OF HARD AND SOFT INFORMATION FOR THE ASSESSMENT OF RELIABILITY OF SOFT INFORMATION','ONR',92,'CS','2011-07-20 21:15:14','2011-07-20 21:15:14'),(2702,'Exploration of the Interplay between Contaminant Partitioning and Biotransformation in Multiphase Porous Media','NSF',25,'CEE','2011-07-20 21:15:14','2011-07-20 21:15:14'),(2703,'Exploration of the Mechanisms Controlling Emulsion-Based Alkalinity Release during Subsurface Remediation','NSF',25,'CEE','2011-07-20 21:15:14','2011-07-20 21:15:14'),(2704,'Fall Precipitation','NSF',19,'CEE','2011-07-20 21:15:14','2011-07-20 21:15:14'),(2705,'Fate and Transport of Metal-Based Nanoparticles in the Subsurface','NSF',24,'CEE','2011-07-20 21:15:14','2011-07-20 21:15:14'),(2706,'Fatigue investigations on 4340 steel samples exposed to high-pressure hydrogen','Sandia, Department of Energy ',103,'ME','2011-07-20 21:15:14','2011-07-20 21:15:14'),(2707,'Fiber Optic Raman Imager','ARO (sub to Optra Inc.)',60,'ECE','2011-07-20 21:15:14','2011-07-20 21:15:14'),(2708,'Floor Vibration Mitigation Using a Blocking Floor for Human Comfort and Sensitive Equipment','Tufts',26,'CEE','2011-07-20 21:15:14','2011-07-20 21:15:14'),(2709,'Fluorescence Index Prototype Field Instrument','Tufts Faculty Research Award',13,'CEE','2011-07-20 21:15:14','2011-07-20 21:15:14'),(2710,'Focal Plane Array Technology for GHz Imaging Using Meta-Materials: Detector Technology','Intelligence Community',64,'ECE','2011-07-20 21:15:14','2011-07-20 21:15:14'),(2711,'FRAC (PI)?Quantitative characterization ofbiomarkers for tendondevelopment?','TuftsUniversity',5,'BME','2011-07-20 21:15:14','2011-07-20 21:15:14'),(2712,'FRAC Summer Faculty Fellowship(PI)?Identification of Mechanical andBiochemical Markers for TendonDevelopment?','TuftsUniversity',5,'BME','2011-07-20 21:15:14','2011-07-20 21:15:14'),(2713,'FRAC: Assessing Alterations in the Cardiac Cell?s Mechanical Environment during Heart Development and Maturation.','FRAC-Tufts',93,'BME','2011-07-20 21:15:14','2011-07-20 21:15:14'),(2714,'FRSP Indiana University Faculty Research Program','Indiana University',92,'CS','2011-07-20 21:15:14','2011-07-20 21:15:14'),(2715,'Functional near-infrared imaging using the phase of hemodynamic oscillations','NIH-NIMH',7,'BME','2011-07-20 21:15:14','2011-07-20 21:15:14'),(2716,'Functionalized Silk Materials','USAF',4,'BME','2011-07-20 21:15:14','2011-07-20 21:15:14'),(2717,'Geoinformatics: Development of Community-Based Ontology and Standards for Hydrologic Data Discovery and Exchange','NSF and CUAHSI',28,'CEE','2011-07-20 21:15:14','2011-07-20 21:15:14'),(2718,'Geometric Algorithms for Staged Nanomanufacturing','NSF',40,'ChBE','2011-07-20 21:15:14','2011-07-20 21:15:14'),(2719,'Geometric Data Structures','NSF-CCF',51,'CS','2011-07-20 21:15:14','2011-07-20 21:15:14'),(2720,'Guidance Tools for Planning and Management of Urban Drainage Systems under a Changing Climate','NOAA',28,'CEE','2011-07-20 21:15:14','2011-07-20 21:15:14'),(2721,'Harvard IIC Support for Amelio Vazquez','Harvard IIS',60,'ECE','2011-07-20 21:15:14','2011-07-20 21:15:14'),(2722,'Hierarchically Assembled Viral-Synthetic Hybrid Microentities','NSF',40,'ChBE','2011-07-20 21:15:14','2011-07-20 21:15:14'),(2723,'High Frequency Materials and Devices','iQLP ',104,'ME','2011-07-20 21:15:14','2011-07-20 21:15:14'),(2724,'High Frequency Materials and Devices','iQLP ',104,'ME','2011-07-20 21:15:14','2011-07-20 21:15:14'),(2725,'High-Throughput and Multimodality Optical Imaging in Computational Biology','NSF (sub to Brigham & Women?s)',60,'ECE','2011-07-20 21:15:14','2011-07-20 21:15:14'),(2726,'Human-Computer Interaction and Brain Measurement Using fNIR Spectroscopy','NSF',47,'CS','2011-07-20 21:15:14','2011-07-20 21:15:14'),(2727,'Identifying and Controlling OHS Risks in Somerville, MA','NIOSH',17,'CEE','2011-07-20 21:15:14','2011-07-20 21:15:14'),(2728,'Identifying Complex Site Response','NSF',9,'BME','2011-07-20 21:15:14','2011-07-20 21:15:14'),(2729,'IGERT Water Diplomacy','NSF',19,'CEE','2011-07-20 21:15:14','2011-07-20 21:15:14'),(2730,'IGERT Water Diplomacy','NSF',19,'CEE','2011-07-20 21:15:14','2011-07-20 21:15:14'),(2731,'III-CXT-Medium, Interdisciplinary Machine Learning Research and Education','NSF',82,'CS','2011-07-20 21:15:14','2011-07-20 21:15:14'),(2732,'Image Processing Tool for Quantification of Knee Cartilage in MRI Data Stacks','Tufts CTSI',60,'ECE','2011-07-20 21:15:14','2011-07-20 21:15:14'),(2733,'Impact of Computational Geometry on Depth-Based Statistics','NSF CISE',51,'CS','2011-07-20 21:15:14','2011-07-20 21:15:14'),(2734,'Implants for Epilepsy Therapy','Epilepsy Fdn.',4,'BME','2011-07-20 21:15:14','2011-07-20 21:15:14'),(2735,'In Situ Characterization of CMP with Patterned Substrates','Intel',76,'ME','2011-07-20 21:15:14','2011-07-20 21:15:14'),(2736,'Incorporating Site Effects in Ground Motion Prediction Equations','USGS',9,'BME','2011-07-20 21:15:14','2011-07-20 21:15:14'),(2737,'Industry STOMP','NI-Foundation ',102,'ME','2011-07-20 21:15:14','2011-07-20 21:15:14'),(2738,'Instabilities in nonthermal atmospheric pressure plasma, $300K','DOE',56,'ECE','2011-07-20 21:15:14','2011-07-20 21:15:14'),(2739,'Instrument for In Vivo Characterization of Biomaterials',' Tufts Faculty Research Awards Committee ',70,'ME','2011-07-20 21:15:14','2011-07-20 21:15:14'),(2740,'Instrumentation Supplement - Whatever Happened to Long Term Bridge Design?','NSF',26,'CEE','2011-07-20 21:15:14','2011-07-20 21:15:14'),(2741,'Integrated Imaging Chip for Biosensing','Tufts University',64,'ECE','2011-07-20 21:15:14','2011-07-20 21:15:14'),(2742,'Integrated Optoelectronic Circuit Architectures for Optical Wireless Communication','Tufts',57,'ECE','2011-07-20 21:15:14','2011-07-20 21:15:14'),(2743,'Integrating Algebra and Engineering into the Classroom','GE Foundation ',111,'ME','2011-07-20 21:15:15','2011-07-20 21:15:15'),(2744,'Integrating Water Supply Management and Ecological Flow Water Requirements','EPA',28,'CEE','2011-07-20 21:15:15','2011-07-20 21:15:15'),(2745,'Interval Operability','ACS-PRF',31,'ChBE','2011-07-20 21:15:15','2011-07-20 21:15:15'),(2746,'Investigating the Utility of Affect Mechanisms in Mixed Human-Robot Teams','NSF SGER',92,'CS','2011-07-20 21:15:15','2011-07-20 21:15:15'),(2747,'ISES','NSF',27,'CEE','2011-07-20 21:15:15','2011-07-20 21:15:15'),(2748,'Karen Panetta','Analogics',62,'ECE','2011-07-20 21:15:15','2011-07-20 21:15:15'),(2749,'Karen Panetta','Mathworks',62,'ECE','2011-07-20 21:15:15','2011-07-20 21:15:15'),(2750,'Karen Panetta','MIT Lincoln Labs',62,'ECE','2011-07-20 21:15:15','2011-07-20 21:15:15'),(2751,'Laboratory Revitalization for Environmental Sustainability Research and Training at Tufts University','NSF',24,'CEE','2011-07-20 21:15:15','2011-07-20 21:15:15'),(2752,'Labview Education Edition','National Instruments ',102,'ME','2011-07-20 21:15:15','2011-07-20 21:15:15'),(2753,'Laser-Based Aircraft Diversion','DoD: JNLWP ',75,'ME','2011-07-20 21:15:15','2011-07-20 21:15:15'),(2754,'LEGO RoboBooks','LEGO ',102,'ME','2011-07-20 21:15:15','2011-07-20 21:15:15'),(2755,'Light Scatter In Vivo Flow Cytometry to Monitor Cancer','NIH',3,'BME','2011-07-20 21:15:15','2011-07-20 21:15:15'),(2756,'LODESTARS MIT','NASA',33,'ME','2011-07-20 21:15:15','2011-07-20 21:15:15'),(2757,'LODESTARS Tufts','NASA',33,'ME','2011-07-20 21:15:15','2011-07-20 21:15:15'),(2758,'Logistics Fuel Reforming','Aspen Products Group (STTR)',30,'ChBE','2011-07-20 21:15:15','2011-07-20 21:15:15'),(2759,'Long-Term Drug Release','CIMIT (DoD)',4,'BME','2011-07-20 21:15:15','2011-07-20 21:15:15'),(2760,'Machining of Tungsten',' Elmet Technologies Lewiston, ME ',70,'ME','2011-07-20 21:15:15','2011-07-20 21:15:15'),(2761,'MADCAT','BBN',61,'ECE','2011-07-20 21:15:15','2011-07-20 21:15:15'),(2762,'Math MovesU','Raytheon ',102,'ME','2011-07-20 21:15:15','2011-07-20 21:15:15'),(2763,'Mathematical model of vascular and tubular transport in the rat outer medulla','NIH/NIDDKD',107,'ChBE','2011-07-20 21:15:15','2011-07-20 21:15:15'),(2764,'Mathematical model of vascular and tubular transport in the rat outer medulla','NIH/NIDDKD',107,'ChBE','2011-07-20 21:15:15','2011-07-20 21:15:15'),(2765,'McDonnell','McDonnell ',102,'ME','2011-07-20 21:15:15','2011-07-20 21:15:15'),(2766,'Measuring and visualizing the memory behavior of programs','Tufts',44,'CS','2011-07-20 21:15:15','2011-07-20 21:15:15'),(2767,'Measuring User States When Working with Vehicle Interfaces','Honda R&D Americas',47,'CS','2011-07-20 21:15:15','2011-07-20 21:15:15'),(2768,'MEMS Based Doppler Velocity Measurement System','Draper Labs ',76,'ME','2011-07-20 21:15:15','2011-07-20 21:15:15'),(2769,'Metabolomic Biomarkers for Parkinson?s Disease (Project 3)','NIEHS (sub from Emory)',24,'CEE','2011-07-20 21:15:15','2011-07-20 21:15:15'),(2770,'Metamaterials Embedded Terahertz Signal Processing: Novel Devices and Architectures','Office of Naval Research (ONR)',64,'ECE','2011-07-20 21:15:15','2011-07-20 21:15:15'),(2771,'Microplasma research, $44k','Agilent Labs',56,'ECE','2011-07-20 21:15:15','2011-07-20 21:15:15'),(2772,'Mixed-Signal VLSI Interface for High Aspect Ratio Optical/Electrochemical Hybrid Sensor Array','Catalyst Foundation',64,'ECE','2011-07-20 21:15:15','2011-07-20 21:15:15'),(2773,'Mobile Robots with Manipulators and Natural Language Capabilities for joint Human-Robot Search and Rescue Missing in Urban Environments','ONR DURIP',92,'CS','2011-07-20 21:15:15','2011-07-20 21:15:15'),(2774,'Model of the renal medullary microcirculatory function','NIH/NIDDKD',107,'ChBE','2011-07-20 21:15:15','2011-07-20 21:15:15'),(2775,'Modeling and Characterization of Micromachined Ultrasound Elements','Sonetics Ultrasound ',76,'ME','2011-07-20 21:15:15','2011-07-20 21:15:15'),(2776,'Modeling and Synthesis of High Mobility Nanoparticles for Advanced Oil Recovery','Advanced Energy Consortium (AEC)',24,'CEE','2011-07-20 21:15:15','2011-07-20 21:15:15'),(2777,'Modeling neuro-mechanical control in soft-tissue organism','CRAW',45,'CS','2011-07-20 21:15:15','2011-07-20 21:15:15'),(2778,'Moderate Ductility Dual Systems and Reserve Capacity','AISC',18,'CEE','2011-07-20 21:15:15','2011-07-20 21:15:15'),(2779,'Monitoring Food & Water Quality','Gift',4,'BME','2011-07-20 21:15:15','2011-07-20 21:15:15'),(2780,'MRI: Acquisition of an LC-MS Facility for Research and Education in Metabolic Systems Biology','NSF',32,'ChBE','2011-07-20 21:15:15','2011-07-20 21:15:15'),(2781,'Multicore Support inProgramming-LanguageInfrastructure','Intel',49,'CS','2011-07-20 21:15:15','2011-07-20 21:15:15'),(2782,'Multicore Support inProgramming-LanguageInfrastructure (renewal)','Intel',49,'CS','2011-07-20 21:15:15','2011-07-20 21:15:15'),(2783,'Multi-modal, shape-based Inverse Methods for the Characterization of DNAPL Source Zone Architecture','NSF',60,'ECE','2011-07-20 21:15:15','2011-07-20 21:15:15'),(2784,'Multi-optode probe for evaluation of diabetic neuropathy','Boston University (CIMIT-USAMRRA)',2,'BME','2011-07-20 21:15:15','2011-07-20 21:15:15'),(2785,'Multi-Resolution Partitioning and Kinetic Function Estimation for Dynamic Biochemical Network Model Development','NSF',45,'CS','2011-07-20 21:15:15','2011-07-20 21:15:15'),(2786,'NanoCatalysts for Propulsion Applications','AFOSR/MURI',30,'ChBE','2011-07-20 21:15:15','2011-07-20 21:15:15'),(2787,'Nanoparticle Detection Using Microplasma $247,000','NSF',56,'ECE','2011-07-20 21:15:15','2011-07-20 21:15:15'),(2788,'Nanopatterned silk for anti-counterfeiting measures','AFOSR',6,'BME','2011-07-20 21:15:15','2011-07-20 21:15:15'),(2789,'Nanostructured Metallic Layers for Enhanced Photodetector Functionality?????','AFOSR',65,'ECE','2011-07-20 21:15:15','2011-07-20 21:15:15'),(2790,'Nanostructured Oxidation Catalysts','DOE/BES',30,'ChBE','2011-07-20 21:15:15','2011-07-20 21:15:15'),(2791,'Nanostructured Oxidation Catalysts','DOE/BES',30,'ChBE','2011-07-20 21:15:15','2011-07-20 21:15:15'),(2792,'Near Surface Velocity Structure and Site Response at Parkfield, CA','USGS',9,'BME','2011-07-20 21:15:15','2011-07-20 21:15:15'),(2793,'Near-infrared oximetry of breast tumors','NIH/NCI',2,'BME','2011-07-20 21:15:15','2011-07-20 21:15:15'),(2794,'NEESR-II: Inelastic Web Crushing Performance Limits of High Strength Concrete Structural Walls','NSF',18,'CEE','2011-07-20 21:15:15','2011-07-20 21:15:15'),(2795,'Neuroactive Steroids and Seizure Control During Pregnancy in Women with Epilepsy','NIH (sub from BWH)',24,'CEE','2011-07-20 21:15:15','2011-07-20 21:15:15'),(2796,'Neurotoxicity of Nanomaterials: Evaluation of Subcellular Redox State','NIEHS (sub from Emory)',24,'CEE','2011-07-20 21:15:15','2011-07-20 21:15:15'),(2797,'New Biomaterials for Cornea Replacement','NIH',4,'BME','2011-07-20 21:15:15','2011-07-20 21:15:15'),(2798,'New LEGO','LEGO',102,'ME','2011-07-20 21:15:15','2011-07-20 21:15:15'),(2799,'New LEGO','LEGO',102,'ME','2011-07-20 21:15:15','2011-07-20 21:15:15'),(2800,'NIRT: A New Class of Oxidation Catalysts','NSF/NIRT',30,'ChBE','2011-07-20 21:15:15','2011-07-20 21:15:15'),(2801,'Novel Approaches for Expanded Industrial Uses for Soybean','NJIT (US Soybean)',4,'BME','2011-07-20 21:15:15','2011-07-20 21:15:15'),(2802,'NSF Fellowship ? Lindsay Wray','NSF',4,'BME','2011-07-20 21:15:15','2011-07-20 21:15:15'),(2803,'Numerical Modeling of Moderate Magnitude Earthquakes','NSF',9,'BME','2011-07-20 21:15:15','2011-07-20 21:15:15'),(2804,'Offshore Wind Turbines','Wittich Family',16,'CEE','2011-07-20 21:15:15','2011-07-20 21:15:15'),(2805,'Optical Biomarkers for the noninvasive detection of early cancer','American Cancer Society',3,'BME','2011-07-20 21:15:15','2011-07-20 21:15:15'),(2806,'Optical Monitoring of Engineered Tissues','NIH',3,'BME','2011-07-20 21:15:15','2011-07-20 21:15:15'),(2807,'Optimization and Control ofPharmaceutical Batch Processes.','Baxter Inc.',31,'ChBE','2011-07-20 21:15:15','2011-07-20 21:15:15'),(2808,'Optimization and Control ofPharmaceutical Batch Processes.','Sunovion,Inc.',31,'ChBE','2011-07-20 21:15:16','2011-07-20 21:15:16'),(2809,'Optimizing the Efficiency of Organic Bulk Heterojunction Photovoltaics using the Design of Dynamic Experiments Methodology','Tufts ? Wittich Sustainability Fund',35,'ChBE','2011-07-20 21:15:16','2011-07-20 21:15:16'),(2810,'Oscillating Multi-Tool',' Robert Bosch Chicago, IL ',70,'ME','2011-07-20 21:15:16','2011-07-20 21:15:16'),(2811,'PET','Kodosky Foundation ',102,'ME','2011-07-20 21:15:16','2011-07-20 21:15:16'),(2812,'Pharmaceutical and Personal Care Product (PPCP) Removal in Water Reuse Systems','AECOM Water',25,'CEE','2011-07-20 21:15:16','2011-07-20 21:15:16'),(2813,'Pharmaceutical Biotransformation during Nitrification: Gaining Mechanistic Insight by Understanding the Microbial Community','Tufts FRAC',25,'CEE','2011-07-20 21:15:16','2011-07-20 21:15:16'),(2814,'Phase II: Micromachined pressure and shear-stress sensor arrays for turbulent boundary layer characterization','Spirit Aerosystems ',76,'ME','2011-07-20 21:15:16','2011-07-20 21:15:16'),(2815,'Phase III: Micromachined Pressure and Shear-stress Sensor Arrays For Turbulent Boundary Layer Characterization','Spirit Aerosystems ',76,'ME','2011-07-20 21:15:16','2011-07-20 21:15:16'),(2816,'Phenotype-Targeted Inference of Flux-Enzyme Correlations in Adipocyte Metabolism','NIH',32,'ChBE','2011-07-20 21:15:16','2011-07-20 21:15:16'),(2817,'PhysBUGs: Modular BUGBook Activities for Teaching Physics','NSF: SBIR Phase-I',96,'CS','2011-07-20 21:15:16','2011-07-20 21:15:16'),(2818,'PIRE: Offshore Geohazards','NSF',9,'BME','2011-07-20 21:15:16','2011-07-20 21:15:16'),(2819,'Planning Proposal: I/UCRC on Optical Wireless Applications','NSF',57,'ECE','2011-07-20 21:15:16','2011-07-20 21:15:16'),(2820,'Precipitation Dipole','NSF',19,'CEE','2011-07-20 21:15:16','2011-07-20 21:15:16'),(2821,'Precipitation Variability','NSF',19,'CEE','2011-07-20 21:15:16','2011-07-20 21:15:16'),(2822,'Problem Solving with Discrete Mathematics','MBHE',51,'CS','2011-07-20 21:15:16','2011-07-20 21:15:16'),(2823,'Programmable Mixers ? Bitwave Fellowship','Bitwave Semiconductors',64,'ECE','2011-07-20 21:15:16','2011-07-20 21:15:16'),(2824,'Quantum Information Theory','NSF',109,'ECE','2011-07-20 21:15:16','2011-07-20 21:15:16'),(2825,'Quantum Information Theory','NSF',109,'ECE','2011-07-20 21:15:16','2011-07-20 21:15:16'),(2826,'R03 AR061036 (PI)?Identification of Muscle-DerivedSoluble and Mechanical Cues toDirect Differentiation towardTendon Lineage?','NIH /NIAMS',5,'BME','2011-07-20 21:15:16','2011-07-20 21:15:16'),(2827,'Red Blue Exercise','MIT Lincoln Laboratory  ',68,'ME','2011-07-20 21:15:16','2011-07-20 21:15:16'),(2828,'Regulation of Embryonic TissueDifferentiation by Matrix Elasticityand Mechanical Forces','March ofDimes',5,'BME','2011-07-20 21:15:16','2011-07-20 21:15:16'),(2829,'Release of fragrance & flavor','Firmenich',6,'BME','2011-07-20 21:15:16','2011-07-20 21:15:16'),(2830,'Remote Protein Homologs','NIH',43,'CS','2011-07-20 21:15:16','2011-07-20 21:15:16'),(2831,'Research on Filtering for Blog Comment Abuse','Rediff',82,'CS','2011-07-20 21:15:16','2011-07-20 21:15:16'),(2832,'Restoring LV Function Post-MI Using Fibrin-Gel Based Engineered Myocardium','NIH - NHLBI',93,'BME','2011-07-20 21:15:16','2011-07-20 21:15:16'),(2833,'REU Supplement','NSF',49,'CS','2011-07-20 21:15:16','2011-07-20 21:15:16'),(2834,'REU Supplement (BRIGE: Multi-spectral, High-frequency Image Sensors for Frequency-Domain Biomedical Imaging)','NSF',57,'ECE','2011-07-20 21:15:16','2011-07-20 21:15:16'),(2835,'REU Supplement (BRIGE: Multi-spectral, High-frequency Image Sensors for Frequency-Domain Biomedical Imaging)','NSF',57,'ECE','2011-07-20 21:15:16','2011-07-20 21:15:16'),(2836,'REU Supplement for NSF490','NSF',102,'ME','2011-07-20 21:15:16','2011-07-20 21:15:16'),(2837,'REU: adapting to technology in minimally invasive surgery','NSF',66,'ME','2011-07-20 21:15:16','2011-07-20 21:15:16'),(2838,'RI: Medium: Collaborative Research: Optimizing Policies for Service Organizations in Complex Structured Domains','NSF',48,'CS','2011-07-20 21:15:16','2011-07-20 21:15:16'),(2839,'Risk Analysis to Enhance GBAS Performance for NextGen Applications','FAA ',75,'ME','2011-07-20 21:15:16','2011-07-20 21:15:16'),(2840,'RUE: Multi-Resolution Partitioning and Kinetic Function Estimation for Dynamic Biochemical Network Model Development','NSF',45,'CS','2011-07-20 21:15:16','2011-07-20 21:15:16'),(2841,'SBIR: Improved Station Keeping Equipment','Air Force ',75,'ME','2011-07-20 21:15:16','2011-07-20 21:15:16'),(2842,'Scalable and Flat Controls for Reliable Power Grid Operation with High Renewable Penetration $220K','GCEP/Stanford University',89,'ECE','2011-07-20 21:15:16','2011-07-20 21:15:16'),(2843,'Scalable Eng Partnerships','NSF',102,'ME','2011-07-20 21:15:16','2011-07-20 21:15:16'),(2844,'Scale-up silk processing','AFOSR',6,'BME','2011-07-20 21:15:16','2011-07-20 21:15:16'),(2845,'Schlumberger Research $20k','Schlumberger Doll Research',56,'ECE','2011-07-20 21:15:16','2011-07-20 21:15:16'),(2846,'SciPlay Lab: Learning Science through Play','Motorola Innovation Generation Collaborative Grant',96,'CS','2011-07-20 21:15:16','2011-07-20 21:15:16'),(2847,'Sciplay Lab: Learning Science through Play','Motorola ',102,'ME','2011-07-20 21:15:16','2011-07-20 21:15:16'),(2848,'Screening for Angiogenic Potential','Organogenesis',4,'BME','2011-07-20 21:15:16','2011-07-20 21:15:16'),(2849,'Sequestration of CO2 in pervious concrete','PCA',33,'ME','2011-07-20 21:15:16','2011-07-20 21:15:16'),(2850,'Service Learning','NSF',102,'ME','2011-07-20 21:15:16','2011-07-20 21:15:16'),(2851,'Silk Egel','USAF',4,'BME','2011-07-20 21:15:16','2011-07-20 21:15:16'),(2852,'Silk Fragrances & Flavors','Firmenich',4,'BME','2011-07-20 21:15:16','2011-07-20 21:15:16'),(2853,'Silk-based optical food safety sensors? Scope on Reflectin project','AFOSR/DARPA',6,'BME','2011-07-20 21:15:16','2011-07-20 21:15:16'),(2854,'Silk-silica Nanocomposites for Dental Repair','NIH',4,'BME','2011-07-20 21:15:16','2011-07-20 21:15:16'),(2855,'Soft tissue measurement and modeling for surgical simulation and visualisation',' Tufts SOE ',66,'ME','2011-07-20 21:15:16','2011-07-20 21:15:16'),(2856,'Spectroscopic Imaging and Diagnosis of Neoplasia','NIH',3,'BME','2011-07-20 21:15:16','2011-07-20 21:15:16'),(2857,'STOMP','LLL Foundation ',102,'ME','2011-07-20 21:15:16','2011-07-20 21:15:16'),(2858,'Stop Action Movie Making','NSF',102,'ME','2011-07-20 21:15:16','2011-07-20 21:15:16'),(2859,'Structural Studies of Triple-Helical Proteins','NIH',113,'BME','2011-07-20 21:15:16','2011-07-20 21:15:16'),(2860,'Structural Studies of Triple-Helical Proteins ? ARRA Supplement','NIH ',113,'BME','2011-07-20 21:15:16','2011-07-20 21:15:16'),(2861,'Superconducting technology for magnet systems in fusion machines  ','DoE',67,'ME','2011-07-20 21:15:16','2011-07-20 21:15:16'),(2862,'Supplement ? The Role of Service Learning','NSF',27,'CEE','2011-07-20 21:15:16','2011-07-20 21:15:16'),(2863,'Surface Conflict Detection and Resolution with Emphasis on Trajectory-Based Operations (Institutional PI)','NASA',75,'ME','2011-07-20 21:15:16','2011-07-20 21:15:16'),(2864,'Sustainable Engineering via Service Learning','NSF',27,'CEE','2011-07-20 21:15:16','2011-07-20 21:15:16'),(2865,'Swiss GK-12','NSF',102,'ME','2011-07-20 21:15:16','2011-07-20 21:15:16'),(2866,'Symantec STOMP','Symantec Foundation ',102,'ME','2011-07-20 21:15:16','2011-07-20 21:15:16'),(2867,'Teaching Through Outreach:GK12','NSF',102,'ME','2011-07-20 21:15:16','2011-07-20 21:15:16'),(2868,'Teaching Through Touching','NSF',102,'ME','2011-07-20 21:15:16','2011-07-20 21:15:16'),(2869,'Teaching Thru Outreach-Scope','NSF',102,'ME','2011-07-20 21:15:16','2011-07-20 21:15:16'),(2870,'The Role of Service Learning','NSF',27,'CEE','2011-07-20 21:15:16','2011-07-20 21:15:16'),(2871,'Thermoelectric Module-Liquid Metal Substrate Assemblies','Wittich Fund ',69,'ME','2011-07-20 21:15:16','2011-07-20 21:15:16'),(2872,'Thermophotovoltaic Power Cells for in-Well Sensors???','AEC',65,'ECE','2011-07-20 21:15:16','2011-07-20 21:15:16'),(2873,'Tissue Engineering Resource Center','NIH',4,'BME','2011-07-20 21:15:16','2011-07-20 21:15:16'),(2874,'Tissue Engineering Resource Center','NIH',4,'BME','2011-07-20 21:15:16','2011-07-20 21:15:16'),(2875,'Tissue Engineering Resource Center','NIH',4,'BME','2011-07-20 21:15:16','2011-07-20 21:15:16'),(2876,'Tissue Engineering Resource Center','NIH',4,'BME','2011-07-20 21:15:16','2011-07-20 21:15:16'),(2877,'Tissue Engineering Resource Center - Supplement','NIH',4,'BME','2011-07-20 21:15:16','2011-07-20 21:15:16'),(2878,'Towards an Integrated Cognitive Computational Architecture for Situated Natural Language Understanding and Reasoning','ONR',92,'CS','2011-07-20 21:15:16','2011-07-20 21:15:16'),(2879,'Transforming Elementary Science','NSF',102,'ME','2011-07-20 21:15:17','2011-07-20 21:15:17'),(2880,'Translational Bioinformatics for Human Developmental Genomics','NIH/ NICHD',50,'CS','2011-07-20 21:15:17','2011-07-20 21:15:17'),(2881,'TSV-Induced Noise Analysis','DARPA (subcontract)',45,'CS','2011-07-20 21:15:17','2011-07-20 21:15:17'),(2882,'Ultra Low Power Transceivers for Biomedical Implants','Tufts University',64,'ECE','2011-07-20 21:15:17','2011-07-20 21:15:17'),(2883,'Ultrasonic Image Guidance for HIFU Cancer Treatment','NIH',60,'ECE','2011-07-20 21:15:17','2011-07-20 21:15:17'),(2884,'Use of upflow circulators to control Eurasian watermilfoil','MA DCR',15,'CEE','2011-07-20 21:15:17','2011-07-20 21:15:17'),(2885,'Using Brain Measurements to Evaluate Computer Interface Disruptions','AFOSR',47,'CS','2011-07-20 21:15:17','2011-07-20 21:15:17'),(2886,'Using Wide-Spread Collaboration to Motivate Innovation and Creativity','NSF',102,'ME','2011-07-20 21:15:17','2011-07-20 21:15:17'),(2887,'US-Mauritius International Workshop','NSF',4,'BME','2011-07-20 21:15:17','2011-07-20 21:15:17'),(2888,'US-Switzerland Cooperative Research','NSF',4,'BME','2011-07-20 21:15:17','2011-07-20 21:15:17'),(2889,'Vascularized Adipose Tissue','Johnson & Johnson',4,'BME','2011-07-20 21:15:17','2011-07-20 21:15:17'),(2890,'Vision-based Automation for Automotive Safety','BMW ',75,'ME','2011-07-20 21:15:17','2011-07-20 21:15:17'),(2891,'Wet Chemistry Based Zinc Oxide and Copper Oxide Nanowire photovoltaic cells','Wittich Sustainability Initiative',64,'ECE','2011-07-20 21:15:17','2011-07-20 21:15:17'),(2892,'Whatever Happened to Long Term Bridge Design?','NSF',26,'CEE','2011-07-20 21:15:17','2011-07-20 21:15:17'),(2893,'Willow Open Source Award (towards PR2 purchase)','Willow Garage',92,'CS','2011-07-20 21:15:17','2011-07-20 21:15:17'),(2894,'Wittich grant','Tufts University',6,'BME','2011-07-20 21:15:17','2011-07-20 21:15:17'),(2895,'Workshop on Modern Programming Language Curricula','NSF',110,'CS','2011-07-20 21:15:17','2011-07-20 21:15:17'),(2896,'Workshop: 21st Annual on Interconnections within High-speed Digital Systems: Support for Student Participation. To be Held in Sante Fe, New Mexico on May 2-5, 2010','NSF',57,'ECE','2011-07-20 21:15:17','2011-07-20 21:15:17'),(2897,'W-STOMP - Women & STOMP','Verizon ',102,'ME','2011-07-20 21:15:17','2011-07-20 21:15:17');
/*!40000 ALTER TABLE `confirm_projects` ENABLE KEYS */;
UNLOCK TABLES;

--
-- Table structure for table `posts`
--

DROP TABLE IF EXISTS `posts`;
SET @saved_cs_client     = @@character_set_client;
SET character_set_client = utf8;
CREATE TABLE `posts` (
  `id` int(11) NOT NULL auto_increment,
  `abstract` text collate utf8_unicode_ci,
  `title` varchar(255) collate utf8_unicode_ci default NULL,
  `content` text collate utf8_unicode_ci,
  `tags` text collate utf8_unicode_ci,
  `created_at` datetime default NULL,
  `updated_at` datetime default NULL,
  `link` varchar(255) collate utf8_unicode_ci default NULL,
  `external` tinyint(1) default '1',
  `pub_date` date default NULL,
  PRIMARY KEY  (`id`)
) ENGINE=InnoDB DEFAULT CHARSET=utf8 COLLATE=utf8_unicode_ci;
SET character_set_client = @saved_cs_client;

--
-- Dumping data for table `posts`
--

LOCK TABLES `posts` WRITE;
/*!40000 ALTER TABLE `posts` DISABLE KEYS */;
/*!40000 ALTER TABLE `posts` ENABLE KEYS */;
UNLOCK TABLES;

--
-- Table structure for table `projects`
--

DROP TABLE IF EXISTS `projects`;
SET @saved_cs_client     = @@character_set_client;
SET character_set_client = utf8;
CREATE TABLE `projects` (
  `id` int(11) NOT NULL auto_increment,
  `title` varchar(255) collate utf8_unicode_ci default NULL,
  `agency` varchar(255) collate utf8_unicode_ci default NULL,
  `researcher_id` int(11) default NULL,
  `dept` varchar(255) collate utf8_unicode_ci default NULL,
  `created_at` datetime default NULL,
  `updated_at` datetime default NULL,
  PRIMARY KEY  (`id`)
) ENGINE=InnoDB AUTO_INCREMENT=470 DEFAULT CHARSET=utf8 COLLATE=utf8_unicode_ci;
SET character_set_client = @saved_cs_client;

--
-- Dumping data for table `projects`
--

LOCK TABLES `projects` WRITE;
/*!40000 ALTER TABLE `projects` DISABLE KEYS */;
INSERT INTO `projects` VALUES (182,'3D CAM-Based Breast Cancer Osteotropism Disease Model','DoD',4,'BME','2011-07-18 18:23:10','2011-07-18 18:23:10'),(183,'3D Tissue Model for Kidney Disease','Genzyme',4,'BME','2011-07-18 18:23:10','2011-07-18 18:23:10'),(184,'A Combined Experimental-computational Method to Evaluate Abdominal Aortic Aneurysm Wall Stress','NSF',108,'BME','2011-07-18 18:23:10','2011-07-18 18:23:10'),(185,'A device for imaging the neuroanatomy and transport function of peripheral nerves','Boston University (CIMIT-USAMRRA)',2,'BME','2011-07-18 18:23:10','2011-07-18 18:23:10'),(186,'A Reusable, Extensible,Optimizing Back End','NSF',49,'CS','2011-07-18 18:23:10','2011-07-18 18:23:10'),(187,'Adaptive Techniques for Optimizing Power Flows in Uncertain Energy Processing Systems $120K','NSF',89,'ECE','2011-07-18 18:23:10','2011-07-18 18:23:10'),(188,'Adenosine Releasing Implants','Legacy (NIH)',4,'BME','2011-07-18 18:23:10','2011-07-18 18:23:10'),(189,'Aerogel Blanket Manufacture','DoE ',69,'ME','2011-07-18 18:23:10','2011-07-18 18:23:10'),(190,'AFIRM - Peripheral Nerve Repair','UPitt (DoD)',4,'BME','2011-07-18 18:23:10','2011-07-18 18:23:10'),(191,'AFIRM ? Soft Tissue Repair','Wake F (DoD)',4,'BME','2011-07-18 18:23:10','2011-07-18 18:23:10'),(192,'ALERT (Awareness and Limitation of Explosives-Related Threats)','Dept. Homeland Security (sub to Northeastern Univ)',60,'ECE','2011-07-18 18:23:10','2011-07-18 18:23:10'),(193,'Aortic Aneurysm Pathobiology','NSF',4,'BME','2011-07-18 18:23:10','2011-07-18 18:23:10'),(194,'Aortic Aneurysm Pathobiology','NSF',108,'BME','2011-07-18 18:23:10','2011-07-18 18:23:10'),(195,'Application of Statistical Characterizations to Nonlinear Dynamics of Information Technologies','Italian Ministry of Higher Education',89,'ECE','2011-07-18 18:23:10','2011-07-18 18:23:10'),(196,'BA Logix Inc.','Allied Minds',62,'ECE','2011-07-18 18:23:10','2011-07-18 18:23:10'),(197,'Bandwidth Enhancement of Optical Transmitter Modules for VLC','BU Subcontract',57,'ECE','2011-07-18 18:23:10','2011-07-18 18:23:10'),(198,'Berger Technology Transfer Grant: Geohazards Database Consortium','Tufts',9,'BME','2011-07-18 18:23:10','2011-07-18 18:23:10'),(199,'Bioemulsifying Vaccine Delivery System','NIH',4,'BME','2011-07-18 18:23:10','2011-07-18 18:23:10'),(200,'Biological mechanism of fast near-infrared signals in peripheral nerves','Boston University (NIH)',2,'BME','2011-07-18 18:23:10','2011-07-18 18:23:10'),(201,'Biophysical Control of Regeneration','DARPA',4,'BME','2011-07-18 18:23:10','2011-07-18 18:23:10'),(202,'Bone Regeneration via Silk Biomaterials','NIH',4,'BME','2011-07-18 18:23:10','2011-07-18 18:23:10'),(203,'Bone Regeneration via Silk Biomaterials - Supplement','NIH',4,'BME','2011-07-18 18:23:10','2011-07-18 18:23:10'),(204,'Boosting the Power Conversion Efficiency of Organic Photovoltaics to Create the Next Generation of Solar Cells','Tufts ? FRAC',35,'ChBE','2011-07-18 18:23:10','2011-07-18 18:23:10'),(205,'BPC: adapting to technology in minimally invasive surgery','NSF',66,'ME','2011-07-18 18:23:10','2011-07-18 18:23:10'),(206,'Breast Cancer Metastasis','Komen Fdn',4,'BME','2011-07-18 18:23:10','2011-07-18 18:23:10'),(207,'BRIGE: Multi-spectral, High-frequency Image Sensors for Frequency-Domain Biomedical Imaging','NSF',57,'ECE','2011-07-18 18:23:10','2011-07-18 18:23:10'),(208,'Bringing Brain-Computer Interfaces into Mainstream HCI','NSF',47,'CS','2011-07-18 18:23:10','2011-07-18 18:23:10'),(209,'C-- Development','Microsoft',49,'CS','2011-07-18 18:23:10','2011-07-18 18:23:10'),(210,'Cardiovascular health benefits of indoor air filtration','Dept. HUD',15,'CEE','2011-07-18 18:23:10','2011-07-18 18:23:10'),(211,'CAREER: Wireless Optical Sensors for High Resolution Imaging of Biological Structures','NSF',57,'ECE','2011-07-18 18:23:10','2011-07-18 18:23:10'),(212,'Career: Adapting to technology in minimally invasive surgery','NSF',66,'ME','2011-07-18 18:23:10','2011-07-18 18:23:10'),(213,'CAREER: Cell Matrix Interactions - Supplement','NSF',3,'BME','2011-07-18 18:23:10','2011-07-18 18:23:10'),(214,'CAREER: Cell Matrix Interactions - Supplement','NSF',3,'BME','2011-07-18 18:23:10','2011-07-18 18:23:10'),(215,'CAREER: Cooperative Virtual machines: Mechanisms and Policies for Application-Aware Runtime Services','NSF',44,'CS','2011-07-18 18:23:10','2011-07-18 18:23:10'),(216,'CAREER: Extended Wavelength Thermophotovoltaics','NSF',65,'ECE','2011-07-18 18:23:10','2011-07-18 18:23:10'),(217,'CAREER: Nanoelectrochemical Systems on Silicon','National Science Foundation',64,'ECE','2011-07-18 18:23:10','2011-07-18 18:23:10'),(218,'CAREER: Non-Invasive Modalities of Optical Imaging of Cell-Matrix Interaction in Engineered Tissues','NSF',3,'BME','2011-07-18 18:23:10','2011-07-18 18:23:10'),(219,'CAREER: Seismic Hazard Mapping','NSF',9,'BME','2011-07-18 18:23:10','2011-07-18 18:23:10'),(220,'Catalyst Foundation ? Supplemental Award','Catalyst Foundation',57,'ECE','2011-07-18 18:23:10','2011-07-18 18:23:10'),(221,'Chemical communications - phase II: Silk Optical Systems','DARPA',6,'BME','2011-07-18 18:23:11','2011-07-18 18:23:11'),(222,'Cholera and Climate Change','NIH',19,'CEE','2011-07-18 18:23:11','2011-07-18 18:23:11'),(223,'Circuits and Systems for Biological Implants','Tufts University',64,'ECE','2011-07-18 18:23:11','2011-07-18 18:23:11'),(224,'CitiSense','NSF (BBN)',54,'ECE','2011-07-18 18:23:11','2011-07-18 18:23:11'),(225,'Clare Boothe Luce Graduate Fellowships','Luce Found.',43,'CS','2011-07-18 18:23:11','2011-07-18 18:23:11'),(226,'Coal- Based Adv Energy Systems/ Hot Gas desulfurization','DOE/GTI (contr)',30,'ChBE','2011-07-18 18:23:11','2011-07-18 18:23:11'),(227,'Collab: Undrgrd Fluid Dynamics','NSF',102,'ME','2011-07-18 18:23:11','2011-07-18 18:23:11'),(228,'Collaborative Research - Improving STEM Learning through Interactive RoboBooks','NSF',102,'ME','2011-07-18 18:23:11','2011-07-18 18:23:11'),(229,'Collaborative Research with Tuft University and University of Alaska Fairbanks: Application of Satellite Data for Post-liquefaction Reconnaissance','USGS',9,'BME','2011-07-18 18:23:11','2011-07-18 18:23:11'),(230,'Collaborative Research: 3D Integrated Imaging Receivers for Free-Space Optical MIMO','NSF',57,'ECE','2011-07-18 18:23:11','2011-07-18 18:23:11'),(231,'Collaborative Research: Active Metamaterial/pHEMT Hybrid Devices for Terahertz Modulation and Detection','National Science Foundation',64,'ECE','2011-07-18 18:23:11','2011-07-18 18:23:11'),(232,'Collaborative Research: IDBR: Metamaterial Enhanced Spectrometer for Terahertz Hyperspectral Imaging of Biological Specimens','National Science Foundation',64,'ECE','2011-07-18 18:23:11','2011-07-18 18:23:11'),(233,'Collaborative Research: NSCC/SA: Terror, Conflict Processes, Organizations, & Ideologies: Completing the Picture','NSF',54,'CS','2011-07-18 18:23:11','2011-07-18 18:23:11'),(234,'Collaborative Research: Real-time Profiling of regulatory molecule network in adipocytes','NSF',32,'ChBE','2011-07-18 18:23:11','2011-07-18 18:23:11'),(235,'Collaborative Research: Strengthening and Empowering the Leadership Alliance','NSF',46,'CS','2011-07-18 18:23:11','2011-07-18 18:23:11'),(236,'Collaborative Research: the Role of Intentional Self Regulation in Achievement n Engineering (IEECI)','NSF',102,'ME','2011-07-18 18:23:11','2011-07-18 18:23:11'),(237,'Compressive Terahertz Imager','Intelligence Community',64,'ECE','2011-07-18 18:23:11','2011-07-18 18:23:11'),(238,'Computer Science, Engineering, & Math Scholarship Program','NSF S-STEM',51,'CS','2011-07-18 18:23:11','2011-07-18 18:23:11'),(239,'Computing Undergraduates Scholars Program','NSF CUSP',51,'CS','2011-07-18 18:23:11','2011-07-18 18:23:11'),(240,'Concurrent fMRI and NIRS of frontal lobe activation during marijuana smoking','McLean Hospital (NIH/NIDA)',2,'BME','2011-07-18 18:23:11','2011-07-18 18:23:11'),(241,'Constant-Eye','DOE',9,'BME','2011-07-18 18:23:11','2011-07-18 18:23:11'),(242,'Craniofacial Engineering','Infoscitex',4,'BME','2011-07-18 18:23:11','2011-07-18 18:23:11'),(243,'Craniofacial Tissue Engineering','Columbia U (NIH)',4,'BME','2011-07-18 18:23:11','2011-07-18 18:23:11'),(244,'Cyber-Physical Models in Naval Energy Systems $510K','ONR',89,'ECE','2011-07-18 18:23:11','2011-07-18 18:23:11'),(245,'Delta Sigma Converters ? Draper Fellows Program for Ashwin Duggal','Draper Laboratories',64,'ECE','2011-07-18 18:23:11','2011-07-18 18:23:11'),(246,'Design and Application of Microbial Uranium Reduction Monitoring Tools','DOE',24,'CEE','2011-07-18 18:23:11','2011-07-18 18:23:11'),(247,'Design of a 10 Gb/s Inductor-less CMOS Optical Receiver for Dual-Mode RF/Optical Wireless Communication','MOSIS (Chip Fabrication Subsidy) ',57,'ECE','2011-07-18 18:23:11','2011-07-18 18:23:11'),(248,'Design of Airfoils','General Electric  ',103,'ME','2011-07-18 18:23:11','2011-07-18 18:23:11'),(249,'Develop and Assess Educational Models for Cross-disciplinary Project-Based Learning in Microsystem Design to Enhance Student Communication Skills','EIF',57,'ECE','2011-07-18 18:23:11','2011-07-18 18:23:11'),(250,'Development of High Conductivity Ion Gels for Electrical Energy Storage','Tufts ? FRAC',35,'ChBE','2011-07-18 18:23:11','2011-07-18 18:23:11'),(251,'Development of RF CMOS Receiver for Ultra-Low Power Applications','Lincoln Laboratories',64,'ECE','2011-07-18 18:23:11','2011-07-18 18:23:11'),(252,'Device Development for Remote Non-destructive Testing and Measurement of Power Systems $500K','ONR MURI / Drexel',89,'ECE','2011-07-18 18:23:11','2011-07-18 18:23:11'),(253,'Discovering Anomalies in Astrophysics','NASA',82,'CS','2011-07-18 18:23:11','2011-07-18 18:23:11'),(254,'Discovering Unexpected Planets and Other Astronomical Oddities','NSF',82,'CS','2011-07-18 18:23:11','2011-07-18 18:23:11'),(255,'DOE supplemental, $117K','DOE',56,'ECE','2011-07-18 18:23:11','2011-07-18 18:23:11'),(256,'Draper Fellowship to Brian Nugent on Analog to Digital Converters','Draper Laboratories',64,'ECE','2011-07-18 18:23:11','2011-07-18 18:23:11'),(257,'Draper Fellowship to Nick Marcoux on RF Devices and Circuits','Draper Laboratories',64,'ECE','2011-07-18 18:23:11','2011-07-18 18:23:11'),(258,'DRK12','NSF',102,'ME','2011-07-18 18:23:11','2011-07-18 18:23:11'),(259,'Droplet Size Characteristics of a Polar Emulsion with RNIP ZVI Entrained','Regenesis',25,'CEE','2011-07-18 18:23:11','2011-07-18 18:23:11'),(260,'EAGER: Collaborative Research: Heterogeneous Integration of Nanotubes and Nanowires on flexible polymers with CMOS circuitry','National Science Foundation',64,'ECE','2011-07-18 18:23:11','2011-07-18 18:23:11'),(261,'EAGER: First Order Decision Diagrams for Relational Markov Decision Processes','NSF',48,'CS','2011-07-18 18:23:11','2011-07-18 18:23:11'),(262,'EFELTS','NSF',27,'CEE','2011-07-18 18:23:11','2011-07-18 18:23:11'),(263,'Effective Human-Robot Interaction Through Natural Language Dialogue and Dynamic Autonomy','ONR MURI',92,'CS','2011-07-18 18:23:11','2011-07-18 18:23:11'),(264,'Effective Human-Robot Interaction with USVs and UAVs through Robust Natural Language Dialogue and Dynamic Autonomy','ONR Expansion',92,'CS','2011-07-18 18:23:11','2011-07-18 18:23:11'),(265,'Efficiently checking heap invarients using the garbage collector','NSF',44,'CS','2011-07-18 18:23:11','2011-07-18 18:23:11'),(266,'Electrical Impedance Spectroscopic Sensor to Detect Tunnels and Infrastructure in Soil','NSF',60,'ECE','2011-07-18 18:23:11','2011-07-18 18:23:11'),(267,'ELFSTONE','NASA',33,'ME','2011-07-18 18:23:11','2011-07-18 18:23:11'),(268,'Energy Eff. Ozone Generation, $33k','Air Force STTR',56,'ECE','2011-07-18 18:23:11','2011-07-18 18:23:11'),(269,'Engineered Cell Alignment for Improved Beating in a Fibrin-Based Heart Patch','NIH - NHLBI',93,'BME','2011-07-18 18:23:11','2011-07-18 18:23:11'),(270,'Engineering a Microbial Fat Cell for Biofuel Production','Wittich',32,'ChBE','2011-07-18 18:23:11','2011-07-18 18:23:11'),(271,'Engineering an Angiogenic Cardiac Patch','NSF',108,'BME','2011-07-18 18:23:11','2011-07-18 18:23:11'),(272,'Engineering an in vitro model of Adipose Tissue Formation and Metabolism ','NIH',32,'ChBE','2011-07-18 18:23:11','2011-07-18 18:23:11'),(273,'Equation-Free Approach to System-Level Dynamic Modeling in Electric Energy Processing $300K','NSF',89,'ECE','2011-07-18 18:23:11','2011-07-18 18:23:11'),(274,'Equipment loan, Los Alamos','DoE',6,'BME','2011-07-18 18:23:11','2011-07-18 18:23:11'),(275,'Estimation of Climatic and Anthropogenic Influences on Freshwater Availability','USGS',28,'CEE','2011-07-18 18:23:11','2011-07-18 18:23:11'),(276,'EU Cognition Conference Grant','EU Cognition',92,'CS','2011-07-18 18:23:11','2011-07-18 18:23:11'),(277,'Evaluating Biological Networks by Mining Public Data','NIH / NLM',50,'CS','2011-07-18 18:23:11','2011-07-18 18:23:11'),(278,'Evaluation for Supported Materials','NSF',30,'ChBE','2011-07-18 18:23:11','2011-07-18 18:23:11'),(279,'EVIDENCE-BASED FUSION OF HARD AND SOFT INFORMATION FOR THE ASSESSMENT OF RELIABILITY OF SOFT INFORMATION','ONR',92,'CS','2011-07-18 18:23:11','2011-07-18 18:23:11'),(280,'Exploration of the Interplay between Contaminant Partitioning and Biotransformation in Multiphase Porous Media','NSF',25,'CEE','2011-07-18 18:23:11','2011-07-18 18:23:11'),(281,'Exploration of the Mechanisms Controlling Emulsion-Based Alkalinity Release during Subsurface Remediation','NSF',25,'CEE','2011-07-18 18:23:11','2011-07-18 18:23:11'),(282,'Fall Precipitation','NSF',19,'CEE','2011-07-18 18:23:11','2011-07-18 18:23:11'),(283,'Fate and Transport of Metal-Based Nanoparticles in the Subsurface','NSF',24,'CEE','2011-07-18 18:23:11','2011-07-18 18:23:11'),(284,'Fatigue investigations on 4340 steel samples exposed to high-pressure hydrogen','Sandia, Department of Energy ',103,'ME','2011-07-18 18:23:11','2011-07-18 18:23:11'),(285,'Fiber Optic Raman Imager','ARO (sub to Optra Inc.)',60,'ECE','2011-07-18 18:23:11','2011-07-18 18:23:11'),(286,'Floor Vibration Mitigation Using a Blocking Floor for Human Comfort and Sensitive Equipment','Tufts',26,'CEE','2011-07-18 18:23:11','2011-07-18 18:23:11'),(287,'Fluorescence Index Prototype Field Instrument','Tufts Faculty Research Award',13,'CEE','2011-07-18 18:23:11','2011-07-18 18:23:11'),(288,'Focal Plane Array Technology for GHz Imaging Using Meta-Materials: Detector Technology','Intelligence Community',64,'ECE','2011-07-18 18:23:11','2011-07-18 18:23:11'),(289,'FRAC (PI)?Quantitative characterization ofbiomarkers for tendondevelopment?','TuftsUniversity',5,'BME','2011-07-18 18:23:11','2011-07-18 18:23:11'),(290,'FRAC Summer Faculty Fellowship(PI)?Identification of Mechanical andBiochemical Markers for TendonDevelopment?','TuftsUniversity',5,'BME','2011-07-18 18:23:11','2011-07-18 18:23:11'),(291,'FRAC: Assessing Alterations in the Cardiac Cell?s Mechanical Environment during Heart Development and Maturation.','FRAC-Tufts',93,'BME','2011-07-18 18:23:11','2011-07-18 18:23:11'),(292,'FRSP Indiana University Faculty Research Program','Indiana University',92,'CS','2011-07-18 18:23:11','2011-07-18 18:23:11'),(293,'Functional near-infrared imaging using the phase of hemodynamic oscillations','NIH-NIMH',7,'BME','2011-07-18 18:23:11','2011-07-18 18:23:11'),(294,'Functionalized Silk Materials','USAF',4,'BME','2011-07-18 18:23:11','2011-07-18 18:23:11'),(295,'Geoinformatics: Development of Community-Based Ontology and Standards for Hydrologic Data Discovery and Exchange','NSF and CUAHSI',28,'CEE','2011-07-18 18:23:12','2011-07-18 18:23:12'),(296,'Geometric Algorithms for Staged Nanomanufacturing','NSF',40,'ChBE','2011-07-18 18:23:12','2011-07-18 18:23:12'),(297,'Geometric Data Structures','NSF-CCF',51,'CS','2011-07-18 18:23:12','2011-07-18 18:23:12'),(298,'Guidance Tools for Planning and Management of Urban Drainage Systems under a Changing Climate','NOAA',28,'CEE','2011-07-18 18:23:12','2011-07-18 18:23:12'),(299,'Harvard IIC Support for Amelio Vazquez','Harvard IIS',60,'ECE','2011-07-18 18:23:12','2011-07-18 18:23:12'),(300,'Hierarchically Assembled Viral-Synthetic Hybrid Microentities','NSF',40,'ChBE','2011-07-18 18:23:12','2011-07-18 18:23:12'),(301,'High Frequency Materials and Devices','iQLP ',104,'ME','2011-07-18 18:23:12','2011-07-18 18:23:12'),(302,'High Frequency Materials and Devices','iQLP ',104,'ME','2011-07-18 18:23:12','2011-07-18 18:23:12'),(303,'High-Throughput and Multimodality Optical Imaging in Computational Biology','NSF (sub to Brigham & Women?s)',60,'ECE','2011-07-18 18:23:12','2011-07-18 18:23:12'),(304,'Human-Computer Interaction and Brain Measurement Using fNIR Spectroscopy','NSF',47,'CS','2011-07-18 18:23:12','2011-07-18 18:23:12'),(305,'Identifying and Controlling OHS Risks in Somerville, MA','NIOSH',17,'CEE','2011-07-18 18:23:12','2011-07-18 18:23:12'),(306,'Identifying Complex Site Response','NSF',9,'BME','2011-07-18 18:23:12','2011-07-18 18:23:12'),(307,'IGERT Water Diplomacy','NSF',19,'CEE','2011-07-18 18:23:12','2011-07-18 18:23:12'),(308,'IGERT Water Diplomacy','NSF',19,'CEE','2011-07-18 18:23:12','2011-07-18 18:23:12'),(309,'III-CXT-Medium, Interdisciplinary Machine Learning Research and Education','NSF',82,'CS','2011-07-18 18:23:12','2011-07-18 18:23:12'),(310,'Image Processing Tool for Quantification of Knee Cartilage in MRI Data Stacks','Tufts CTSI',60,'ECE','2011-07-18 18:23:12','2011-07-18 18:23:12'),(311,'Impact of Computational Geometry on Depth-Based Statistics','NSF CISE',51,'CS','2011-07-18 18:23:12','2011-07-18 18:23:12'),(312,'Implants for Epilepsy Therapy','Epilepsy Fdn.',4,'BME','2011-07-18 18:23:12','2011-07-18 18:23:12'),(313,'In Situ Characterization of CMP with Patterned Substrates','Intel',76,'ME','2011-07-18 18:23:12','2011-07-18 18:23:12'),(314,'Incorporating Site Effects in Ground Motion Prediction Equations','USGS',9,'BME','2011-07-18 18:23:12','2011-07-18 18:23:12'),(315,'Industry STOMP','NI-Foundation ',102,'ME','2011-07-18 18:23:12','2011-07-18 18:23:12'),(316,'Instabilities in nonthermal atmospheric pressure plasma, $300K','DOE',56,'ECE','2011-07-18 18:23:12','2011-07-18 18:23:12'),(317,'Instrument for In Vivo Characterization of Biomaterials',' Tufts Faculty Research Awards Committee ',70,'ME','2011-07-18 18:23:12','2011-07-18 18:23:12'),(318,'Instrumentation Supplement - Whatever Happened to Long Term Bridge Design?','NSF',26,'CEE','2011-07-18 18:23:12','2011-07-18 18:23:12'),(319,'Integrated Imaging Chip for Biosensing','Tufts University',64,'ECE','2011-07-18 18:23:12','2011-07-18 18:23:12'),(320,'Integrated Optoelectronic Circuit Architectures for Optical Wireless Communication','Tufts',57,'ECE','2011-07-18 18:23:12','2011-07-18 18:23:12'),(321,'Integrating Water Supply Management and Ecological Flow Water Requirements','EPA',28,'CEE','2011-07-18 18:23:12','2011-07-18 18:23:12'),(322,'Interval Operability','ACS-PRF',31,'ChBE','2011-07-18 18:23:12','2011-07-18 18:23:12'),(323,'Investigating the Utility of Affect Mechanisms in Mixed Human-Robot Teams','NSF SGER',92,'CS','2011-07-18 18:23:12','2011-07-18 18:23:12'),(324,'ISES','NSF',27,'CEE','2011-07-18 18:23:12','2011-07-18 18:23:12'),(325,'Karen Panetta','Analogics',62,'ECE','2011-07-18 18:23:12','2011-07-18 18:23:12'),(326,'Karen Panetta','Mathworks',62,'ECE','2011-07-18 18:23:12','2011-07-18 18:23:12'),(327,'Karen Panetta','MIT Lincoln Labs',62,'ECE','2011-07-18 18:23:12','2011-07-18 18:23:12'),(328,'Laboratory Revitalization for Environmental Sustainability Research and Training at Tufts University','NSF',24,'CEE','2011-07-18 18:23:12','2011-07-18 18:23:12'),(329,'Labview Education Edition','National Instruments ',102,'ME','2011-07-18 18:23:12','2011-07-18 18:23:12'),(330,'Laser-Based Aircraft Diversion','DoD: JNLWP ',75,'ME','2011-07-18 18:23:12','2011-07-18 18:23:12'),(331,'LEGO RoboBooks','LEGO ',102,'ME','2011-07-18 18:23:12','2011-07-18 18:23:12'),(332,'Light Scatter In Vivo Flow Cytometry to Monitor Cancer','NIH',3,'BME','2011-07-18 18:23:12','2011-07-18 18:23:12'),(333,'LODESTARS MIT','NASA',33,'ME','2011-07-18 18:23:12','2011-07-18 18:23:12'),(334,'LODESTARS Tufts','NASA',33,'ME','2011-07-18 18:23:12','2011-07-18 18:23:12'),(335,'Logistics Fuel Reforming','Aspen Products Group (STTR)',30,'ChBE','2011-07-18 18:23:12','2011-07-18 18:23:12'),(336,'Long-Term Drug Release','CIMIT (DoD)',4,'BME','2011-07-18 18:23:12','2011-07-18 18:23:12'),(337,'Machining of Tungsten',' Elmet Technologies Lewiston, ME ',70,'ME','2011-07-18 18:23:12','2011-07-18 18:23:12'),(338,'MADCAT','BBN',61,'ECE','2011-07-18 18:23:12','2011-07-18 18:23:12'),(339,'Math MovesU','Raytheon ',102,'ME','2011-07-18 18:23:12','2011-07-18 18:23:12'),(340,'Mathematical model of vascular and tubular transport in the rat outer medulla','NIH/NIDDKD',107,'ChBE','2011-07-18 18:23:12','2011-07-18 18:23:12'),(341,'Mathematical model of vascular and tubular transport in the rat outer medulla','NIH/NIDDKD',107,'ChBE','2011-07-18 18:23:12','2011-07-18 18:23:12'),(342,'McDonnell','McDonnell ',102,'ME','2011-07-18 18:23:12','2011-07-18 18:23:12'),(343,'Measuring and visualizing the memory behavior of programs','Tufts',44,'CS','2011-07-18 18:23:12','2011-07-18 18:23:12'),(344,'Measuring User States When Working with Vehicle Interfaces','Honda R&D Americas',47,'CS','2011-07-18 18:23:12','2011-07-18 18:23:12'),(345,'MEMS Based Doppler Velocity Measurement System','Draper Labs ',76,'ME','2011-07-18 18:23:12','2011-07-18 18:23:12'),(346,'Metabolomic Biomarkers for Parkinson?s Disease (Project 3)','NIEHS (sub from Emory)',24,'CEE','2011-07-18 18:23:12','2011-07-18 18:23:12'),(347,'Metamaterials Embedded Terahertz Signal Processing: Novel Devices and Architectures','Office of Naval Research (ONR)',64,'ECE','2011-07-18 18:23:12','2011-07-18 18:23:12'),(348,'Microplasma research, $44k','Agilent Labs',56,'ECE','2011-07-18 18:23:12','2011-07-18 18:23:12'),(349,'Mixed-Signal VLSI Interface for High Aspect Ratio Optical/Electrochemical Hybrid Sensor Array','Catalyst Foundation',64,'ECE','2011-07-18 18:23:12','2011-07-18 18:23:12'),(350,'Mobile Robots with Manipulators and Natural Language Capabilities for joint Human-Robot Search and Rescue Missing in Urban Environments','ONR DURIP',92,'CS','2011-07-18 18:23:12','2011-07-18 18:23:12'),(351,'Model of the renal medullary microcirculatory function','NIH/NIDDKD',107,'ChBE','2011-07-18 18:23:12','2011-07-18 18:23:12'),(352,'Modeling and Characterization of Micromachined Ultrasound Elements','Sonetics Ultrasound ',76,'ME','2011-07-18 18:23:12','2011-07-18 18:23:12'),(353,'Modeling and Synthesis of High Mobility Nanoparticles for Advanced Oil Recovery','Advanced Energy Consortium (AEC)',24,'CEE','2011-07-18 18:23:12','2011-07-18 18:23:12'),(354,'Modeling neuro-mechanical control in soft-tissue organism','CRAW',45,'CS','2011-07-18 18:23:12','2011-07-18 18:23:12'),(355,'Moderate Ductility Dual Systems and Reserve Capacity','AISC',18,'CEE','2011-07-18 18:23:12','2011-07-18 18:23:12'),(356,'Monitoring Food & Water Quality','Gift',4,'BME','2011-07-18 18:23:12','2011-07-18 18:23:12'),(357,'MRI: Acquisition of an LC-MS Facility for Research and Education in Metabolic Systems Biology','NSF',32,'ChBE','2011-07-18 18:23:12','2011-07-18 18:23:12'),(358,'Multicore Support inProgramming-LanguageInfrastructure','Intel',49,'CS','2011-07-18 18:23:12','2011-07-18 18:23:12'),(359,'Multicore Support inProgramming-LanguageInfrastructure (renewal)','Intel',49,'CS','2011-07-18 18:23:12','2011-07-18 18:23:12'),(360,'Multi-modal, shape-based Inverse Methods for the Characterization of DNAPL Source Zone Architecture','NSF',60,'ECE','2011-07-18 18:23:12','2011-07-18 18:23:12'),(361,'Multi-optode probe for evaluation of diabetic neuropathy','Boston University (CIMIT-USAMRRA)',2,'BME','2011-07-18 18:23:12','2011-07-18 18:23:12'),(362,'Multi-Resolution Partitioning and Kinetic Function Estimation for Dynamic Biochemical Network Model Development','NSF',45,'CS','2011-07-18 18:23:12','2011-07-18 18:23:12'),(363,'NanoCatalysts for Propulsion Applications','AFOSR/MURI',30,'ChBE','2011-07-18 18:23:12','2011-07-18 18:23:12'),(364,'Nanoparticle Detection Using Microplasma $247,000','NSF',56,'ECE','2011-07-18 18:23:12','2011-07-18 18:23:12'),(365,'Nanopatterned silk for anti-counterfeiting measures','AFOSR',6,'BME','2011-07-18 18:23:13','2011-07-18 18:23:13'),(366,'Nanostructured Metallic Layers for Enhanced Photodetector Functionality?????','AFOSR',65,'ECE','2011-07-18 18:23:13','2011-07-18 18:23:13'),(367,'Nanostructured Oxidation Catalysts','DOE/BES',30,'ChBE','2011-07-18 18:23:13','2011-07-18 18:23:13'),(368,'Nanostructured Oxidation Catalysts','DOE/BES',30,'ChBE','2011-07-18 18:23:13','2011-07-18 18:23:13'),(369,'Near Surface Velocity Structure and Site Response at Parkfield, CA','USGS',9,'BME','2011-07-18 18:23:13','2011-07-18 18:23:13'),(370,'Near-infrared oximetry of breast tumors','NIH/NCI',2,'BME','2011-07-18 18:23:13','2011-07-18 18:23:13'),(371,'NEESR-II: Inelastic Web Crushing Performance Limits of High Strength Concrete Structural Walls','NSF',18,'CEE','2011-07-18 18:23:13','2011-07-18 18:23:13'),(372,'Neuroactive Steroids and Seizure Control During Pregnancy in Women with Epilepsy','NIH (sub from BWH)',24,'CEE','2011-07-18 18:23:13','2011-07-18 18:23:13'),(373,'Neurotoxicity of Nanomaterials: Evaluation of Subcellular Redox State','NIEHS (sub from Emory)',24,'CEE','2011-07-18 18:23:13','2011-07-18 18:23:13'),(374,'New Biomaterials for Cornea Replacement','NIH',4,'BME','2011-07-18 18:23:13','2011-07-18 18:23:13'),(375,'New LEGO','LEGO',102,'ME','2011-07-18 18:23:13','2011-07-18 18:23:13'),(376,'New LEGO','LEGO',102,'ME','2011-07-18 18:23:13','2011-07-18 18:23:13'),(377,'NIRT: A New Class of Oxidation Catalysts','NSF/NIRT',30,'ChBE','2011-07-18 18:23:13','2011-07-18 18:23:13'),(378,'Novel Approaches for Expanded Industrial Uses for Soybean','NJIT (US Soybean)',4,'BME','2011-07-18 18:23:13','2011-07-18 18:23:13'),(379,'NSF Fellowship ? Lindsay Wray','NSF',4,'BME','2011-07-18 18:23:13','2011-07-18 18:23:13'),(380,'Numerical Modeling of Moderate Magnitude Earthquakes','NSF',9,'BME','2011-07-18 18:23:13','2011-07-18 18:23:13'),(381,'Offshore Wind Turbines','Wittich Family',16,'CEE','2011-07-18 18:23:13','2011-07-18 18:23:13'),(382,'Optical Biomarkers for the noninvasive detection of early cancer','American Cancer Society',3,'BME','2011-07-18 18:23:13','2011-07-18 18:23:13'),(383,'Optical Monitoring of Engineered Tissues','NIH',3,'BME','2011-07-18 18:23:13','2011-07-18 18:23:13'),(384,'Optimization and Control ofPharmaceutical Batch Processes.','Baxter Inc.',31,'ChBE','2011-07-18 18:23:13','2011-07-18 18:23:13'),(385,'Optimization and Control ofPharmaceutical Batch Processes.','Sunovion,Inc.',31,'ChBE','2011-07-18 18:23:13','2011-07-18 18:23:13'),(386,'Optimizing the Efficiency of Organic Bulk Heterojunction Photovoltaics using the Design of Dynamic Experiments Methodology','Tufts ? Wittich Sustainability Fund',35,'ChBE','2011-07-18 18:23:13','2011-07-18 18:23:13'),(387,'Oscillating Multi-Tool',' Robert Bosch Chicago, IL ',70,'ME','2011-07-18 18:23:13','2011-07-18 18:23:13'),(388,'PET','Kodosky Foundation ',102,'ME','2011-07-18 18:23:13','2011-07-18 18:23:13'),(389,'Pharmaceutical and Personal Care Product (PPCP) Removal in Water Reuse Systems','AECOM Water',25,'CEE','2011-07-18 18:23:13','2011-07-18 18:23:13'),(390,'Pharmaceutical Biotransformation during Nitrification: Gaining Mechanistic Insight by Understanding the Microbial Community','Tufts FRAC',25,'CEE','2011-07-18 18:23:13','2011-07-18 18:23:13'),(391,'Phase II: Micromachined pressure and shear-stress sensor arrays for turbulent boundary layer characterization','Spirit Aerosystems ',76,'ME','2011-07-18 18:23:13','2011-07-18 18:23:13'),(392,'Phase III: Micromachined Pressure and Shear-stress Sensor Arrays For Turbulent Boundary Layer Characterization','Spirit Aerosystems ',76,'ME','2011-07-18 18:23:13','2011-07-18 18:23:13'),(393,'Phenotype-Targeted Inference of Flux-Enzyme Correlations in Adipocyte Metabolism','NIH',32,'ChBE','2011-07-18 18:23:13','2011-07-18 18:23:13'),(394,'PhysBUGs: Modular BUGBook Activities for Teaching Physics','NSF: SBIR Phase-I',96,'CS','2011-07-18 18:23:13','2011-07-18 18:23:13'),(395,'PIRE: Offshore Geohazards','NSF',9,'BME','2011-07-18 18:23:13','2011-07-18 18:23:13'),(396,'Planning Proposal: I/UCRC on Optical Wireless Applications','NSF',57,'ECE','2011-07-18 18:23:13','2011-07-18 18:23:13'),(397,'Precipitation Dipole','NSF',19,'CEE','2011-07-18 18:23:13','2011-07-18 18:23:13'),(398,'Precipitation Variability','NSF',19,'CEE','2011-07-18 18:23:13','2011-07-18 18:23:13'),(399,'Problem Solving with Discrete Mathematics','MBHE',51,'CS','2011-07-18 18:23:13','2011-07-18 18:23:13'),(400,'Programmable Mixers ? Bitwave Fellowship','Bitwave Semiconductors',64,'ECE','2011-07-18 18:23:13','2011-07-18 18:23:13'),(401,'R03 AR061036 (PI)?Identification of Muscle-DerivedSoluble and Mechanical Cues toDirect Differentiation towardTendon Lineage?','NIH /NIAMS',5,'BME','2011-07-18 18:23:13','2011-07-18 18:23:13'),(402,'Red Blue Exercise','MIT Lincoln Laboratory  ',68,'ME','2011-07-18 18:23:13','2011-07-18 18:23:13'),(403,'Regulation of Embryonic TissueDifferentiation by Matrix Elasticityand Mechanical Forces','March ofDimes',5,'BME','2011-07-18 18:23:13','2011-07-18 18:23:13'),(404,'Release of fragrance & flavor','Firmenich',6,'BME','2011-07-18 18:23:13','2011-07-18 18:23:13'),(405,'Remote Protein Homologs','NIH',43,'CS','2011-07-18 18:23:13','2011-07-18 18:23:13'),(406,'Research on Filtering for Blog Comment Abuse','Rediff',82,'CS','2011-07-18 18:23:13','2011-07-18 18:23:13'),(407,'Restoring LV Function Post-MI Using Fibrin-Gel Based Engineered Myocardium','NIH - NHLBI',93,'BME','2011-07-18 18:23:13','2011-07-18 18:23:13'),(408,'REU Supplement','NSF',49,'CS','2011-07-18 18:23:13','2011-07-18 18:23:13'),(409,'REU Supplement (BRIGE: Multi-spectral, High-frequency Image Sensors for Frequency-Domain Biomedical Imaging)','NSF',57,'ECE','2011-07-18 18:23:13','2011-07-18 18:23:13'),(410,'REU Supplement (BRIGE: Multi-spectral, High-frequency Image Sensors for Frequency-Domain Biomedical Imaging)','NSF',57,'ECE','2011-07-18 18:23:13','2011-07-18 18:23:13'),(411,'REU Supplement for NSF490','NSF',102,'ME','2011-07-18 18:23:13','2011-07-18 18:23:13'),(412,'REU: adapting to technology in minimally invasive surgery','NSF',66,'ME','2011-07-18 18:23:13','2011-07-18 18:23:13'),(413,'RI: Medium: Collaborative Research: Optimizing Policies for Service Organizations in Complex Structured Domains','NSF',48,'CS','2011-07-18 18:23:13','2011-07-18 18:23:13'),(414,'Risk Analysis to Enhance GBAS Performance for NextGen Applications','FAA ',75,'ME','2011-07-18 18:23:13','2011-07-18 18:23:13'),(415,'RUE: Multi-Resolution Partitioning and Kinetic Function Estimation for Dynamic Biochemical Network Model Development','NSF',45,'CS','2011-07-18 18:23:13','2011-07-18 18:23:13'),(416,'SBIR: Improved Station Keeping Equipment','Air Force ',75,'ME','2011-07-18 18:23:13','2011-07-18 18:23:13'),(417,'Scalable and Flat Controls for Reliable Power Grid Operation with High Renewable Penetration $220K','GCEP/Stanford University',89,'ECE','2011-07-18 18:23:13','2011-07-18 18:23:13'),(418,'Scalable Eng Partnerships','NSF',102,'ME','2011-07-18 18:23:13','2011-07-18 18:23:13'),(419,'Scale-up silk processing','AFOSR',6,'BME','2011-07-18 18:23:13','2011-07-18 18:23:13'),(420,'Schlumberger Research $20k','Schlumberger Doll Research',56,'ECE','2011-07-18 18:23:13','2011-07-18 18:23:13'),(421,'SciPlay Lab: Learning Science through Play','Motorola Innovation Generation Collaborative Grant',96,'CS','2011-07-18 18:23:13','2011-07-18 18:23:13'),(422,'Sciplay Lab: Learning Science through Play','Motorola ',102,'ME','2011-07-18 18:23:13','2011-07-18 18:23:13'),(423,'Screening for Angiogenic Potential','Organogenesis',4,'BME','2011-07-18 18:23:13','2011-07-18 18:23:13'),(424,'Sequestration of CO2 in pervious concrete','PCA',33,'ME','2011-07-18 18:23:13','2011-07-18 18:23:13'),(425,'Service Learning','NSF',102,'ME','2011-07-18 18:23:13','2011-07-18 18:23:13'),(426,'Silk Egel','USAF',4,'BME','2011-07-18 18:23:13','2011-07-18 18:23:13'),(427,'Silk Fragrances & Flavors','Firmenich',4,'BME','2011-07-18 18:23:13','2011-07-18 18:23:13'),(428,'Silk-based optical food safety sensors? Scope on Reflectin project','AFOSR/DARPA',6,'BME','2011-07-18 18:23:13','2011-07-18 18:23:13'),(429,'Silk-silica Nanocomposites for Dental Repair','NIH',4,'BME','2011-07-18 18:23:13','2011-07-18 18:23:13'),(430,'Soft tissue measurement and modeling for surgical simulation and visualisation',' Tufts SOE ',66,'ME','2011-07-18 18:23:13','2011-07-18 18:23:13'),(431,'Spectroscopic Imaging and Diagnosis of Neoplasia','NIH',3,'BME','2011-07-18 18:23:13','2011-07-18 18:23:13'),(432,'STOMP','LLL Foundation ',102,'ME','2011-07-18 18:23:13','2011-07-18 18:23:13'),(433,'Stop Action Movie Making','NSF',102,'ME','2011-07-18 18:23:13','2011-07-18 18:23:13'),(434,'Superconducting technology for magnet systems in fusion machines  ','DoE',67,'ME','2011-07-18 18:23:13','2011-07-18 18:23:13'),(435,'Supplement ? The Role of Service Learning','NSF',27,'CEE','2011-07-18 18:23:13','2011-07-18 18:23:13'),(436,'Surface Conflict Detection and Resolution with Emphasis on Trajectory-Based Operations (Institutional PI)','NASA',75,'ME','2011-07-18 18:23:13','2011-07-18 18:23:13'),(437,'Sustainable Engineering via Service Learning','NSF',27,'CEE','2011-07-18 18:23:14','2011-07-18 18:23:14'),(438,'Swiss GK-12','NSF',102,'ME','2011-07-18 18:23:14','2011-07-18 18:23:14'),(439,'Symantec STOMP','Symantec Foundation ',102,'ME','2011-07-18 18:23:14','2011-07-18 18:23:14'),(440,'Teaching Through Outreach:GK12','NSF',102,'ME','2011-07-18 18:23:14','2011-07-18 18:23:14'),(441,'Teaching Through Touching','NSF',102,'ME','2011-07-18 18:23:14','2011-07-18 18:23:14'),(442,'Teaching Thru Outreach-Scope','NSF',102,'ME','2011-07-18 18:23:14','2011-07-18 18:23:14'),(443,'The Role of Service Learning','NSF',27,'CEE','2011-07-18 18:23:14','2011-07-18 18:23:14'),(444,'Thermoelectric Module-Liquid Metal Substrate Assemblies','Wittich Fund ',69,'ME','2011-07-18 18:23:14','2011-07-18 18:23:14'),(445,'Thermophotovoltaic Power Cells for in-Well Sensors???','AEC',65,'ECE','2011-07-18 18:23:14','2011-07-18 18:23:14'),(446,'Tissue Engineering Resource Center','NIH',4,'BME','2011-07-18 18:23:14','2011-07-18 18:23:14'),(447,'Tissue Engineering Resource Center','NIH',4,'BME','2011-07-18 18:23:14','2011-07-18 18:23:14'),(448,'Tissue Engineering Resource Center','NIH',4,'BME','2011-07-18 18:23:14','2011-07-18 18:23:14'),(449,'Tissue Engineering Resource Center','NIH',4,'BME','2011-07-18 18:23:14','2011-07-18 18:23:14'),(450,'Tissue Engineering Resource Center - Supplement','NIH',4,'BME','2011-07-18 18:23:14','2011-07-18 18:23:14'),(451,'Towards an Integrated Cognitive Computational Architecture for Situated Natural Language Understanding and Reasoning','ONR',92,'CS','2011-07-18 18:23:14','2011-07-18 18:23:14'),(452,'Transforming Elementary Science','NSF',102,'ME','2011-07-18 18:23:14','2011-07-18 18:23:14'),(453,'Translational Bioinformatics for Human Developmental Genomics','NIH/ NICHD',50,'CS','2011-07-18 18:23:14','2011-07-18 18:23:14'),(454,'TSV-Induced Noise Analysis','DARPA (subcontract)',45,'CS','2011-07-18 18:23:14','2011-07-18 18:23:14'),(455,'Ultra Low Power Transceivers for Biomedical Implants','Tufts University',64,'ECE','2011-07-18 18:23:14','2011-07-18 18:23:14'),(456,'Ultrasonic Image Guidance for HIFU Cancer Treatment','NIH',60,'ECE','2011-07-18 18:23:14','2011-07-18 18:23:14'),(457,'Use of upflow circulators to control Eurasian watermilfoil','MA DCR',15,'CEE','2011-07-18 18:23:14','2011-07-18 18:23:14'),(458,'Using Brain Measurements to Evaluate Computer Interface Disruptions','AFOSR',47,'CS','2011-07-18 18:23:14','2011-07-18 18:23:14'),(459,'Using Wide-Spread Collaboration to Motivate Innovation and Creativity','NSF',102,'ME','2011-07-18 18:23:14','2011-07-18 18:23:14'),(460,'US-Mauritius International Workshop','NSF',4,'BME','2011-07-18 18:23:14','2011-07-18 18:23:14'),(461,'US-Switzerland Cooperative Research','NSF',4,'BME','2011-07-18 18:23:14','2011-07-18 18:23:14'),(462,'Vascularized Adipose Tissue','Johnson & Johnson',4,'BME','2011-07-18 18:23:14','2011-07-18 18:23:14'),(463,'Vision-based Automation for Automotive Safety','BMW ',75,'ME','2011-07-18 18:23:14','2011-07-18 18:23:14'),(464,'Wet Chemistry Based Zinc Oxide and Copper Oxide Nanowire photovoltaic cells','Wittich Sustainability Initiative',64,'ECE','2011-07-18 18:23:14','2011-07-18 18:23:14'),(465,'Whatever Happened to Long Term Bridge Design?','NSF',26,'CEE','2011-07-18 18:23:14','2011-07-18 18:23:14'),(466,'Willow Open Source Award (towards PR2 purchase)','Willow Garage',92,'CS','2011-07-18 18:23:14','2011-07-18 18:23:14'),(467,'Wittich grant','Tufts University',6,'BME','2011-07-18 18:23:14','2011-07-18 18:23:14'),(468,'Workshop: 21st Annual on Interconnections within High-speed Digital Systems: Support for Student Participation. To be Held in Sante Fe, New Mexico on May 2-5, 2010','NSF',57,'ECE','2011-07-18 18:23:14','2011-07-18 18:23:14'),(469,'W-STOMP - Women & STOMP','Verizon ',102,'ME','2011-07-18 18:23:14','2011-07-18 18:23:14');
/*!40000 ALTER TABLE `projects` ENABLE KEYS */;
UNLOCK TABLES;

--
-- Table structure for table `researchers`
--

DROP TABLE IF EXISTS `researchers`;
SET @saved_cs_client     = @@character_set_client;
SET character_set_client = utf8;
CREATE TABLE `researchers` (
  `id` int(11) NOT NULL auto_increment,
  `dept` varchar(255) collate utf8_unicode_ci default NULL,
  `fname` varchar(255) collate utf8_unicode_ci default NULL,
  `lname` varchar(255) collate utf8_unicode_ci default NULL,
  `email` varchar(255) collate utf8_unicode_ci default NULL,
  `phone` varchar(255) collate utf8_unicode_ci default NULL,
  `description` text collate utf8_unicode_ci,
  `link` varchar(255) collate utf8_unicode_ci default NULL,
  `photo` varchar(255) collate utf8_unicode_ci default NULL,
  `created_at` datetime default NULL,
  `updated_at` datetime default NULL,
  `recent` tinyint(1) default '0',
  PRIMARY KEY  (`id`)
) ENGINE=InnoDB AUTO_INCREMENT=114 DEFAULT CHARSET=utf8 COLLATE=utf8_unicode_ci;
SET character_set_client = @saved_cs_client;

--
-- Dumping data for table `researchers`
--

LOCK TABLES `researchers` WRITE;
/*!40000 ALTER TABLE `researchers` DISABLE KEYS */;
INSERT INTO `researchers` VALUES (1,'BME','Mark','Cronin-Golomb','mark.cronin-golomb@tufts.edu','7-4255','Optical instrumentation, laser tweezers, atomic force microscopy, nonlinear optics ','http://engineering.tufts.edu/bme/people/cronin-golomb/index.asp','http://engineering.tufts.edu/bme/photos/facultyCronin-Golomb.jpg','2010-04-16 05:30:46','2011-03-11 04:26:21',0),(2,'BME','Sergio','Fantini','sergio.fantini@tufts.edu','7-4356','Near-infrared tissue imaging, biomedical instrumentation, medical optics  ','http://engineering.tufts.edu/bme/people/fantini/index.asp','http://engineering.tufts.edu/bme/photos/facultyFantini.jpg','2010-04-16 05:31:43','2011-03-11 04:26:21',0),(3,'BME','Irene','Georgakoudi','Irene.Georgakoudi@tufts.edu','7-4353','Spectroscopic imaging and characterization, in vivo flow cytometry ','http://engineering.tufts.edu/bme/people/georgakoudi/index.asp','http://engineering.tufts.edu/bme/photos/facultyGeorgakoudi.jpg','2010-04-16 05:32:05','2011-03-11 04:26:21',0),(4,'BME','David','Kaplan','david.kaplan@tufts.edu','7-3251','Bioengineering, biomaterials, biopolymer engineering, tissue engineering ','http://engineering.tufts.edu/bme/people/kaplan/index.asp','http://engineering.tufts.edu/bme/photos/facultyKaplan.jpg','2010-04-16 05:30:24','2011-03-11 04:27:55',NULL),(5,'BME','Catherine','Kuo','CatherineK.Kuo@tufts.edu','7-4321','Stem cells, tissue engineering, biomaterials, developmental biology','http://engineering.tufts.edu/bme/people/kuo/index.asp','http://engineering.tufts.edu/bme/photos/facultyKuo.jpg','2010-04-16 05:30:01','2011-03-11 04:26:21',NULL),(6,'BME','Fiorenzo','Omenetto','Fiorenzo.Omenetto@tufts.edu','7-2580','Ultrafast nonlinear optics, Nanophotonics, Biophotonics','http://engineering.tufts.edu/bme/people/omenetto/index.asp','http://engineering.tufts.edu/bme/photos/facultyOmenetto.jpg','2010-04-16 05:34:35','2011-03-11 04:26:21',NULL),(7,'BME','Angelo','Sassaroli','Angelo.Sassaroli@tufts.edu','7-4970','Infrared spectroscopy, functional magnetic resonance imaging for understanding functional brain activation ',NULL,NULL,'2011-07-15 04:23:19','2011-03-11 04:26:21',NULL),(8,'CEE','Linda','Abriola','Linda.Abriola@tufts.edu','7-3237','Environmental and water resources engineering  ','http://engineering.tufts.edu/cee/people/abriola/index.asp','http://engineering.tufts.edu/cee/people/abriola/abriola.jpg','2010-04-16 05:36:00','2011-04-19 16:08:59',0),(9,'CEE','Laurie','Baise','laurie.baise@tufts.edu','7-2211','Geological engineering, earthquake engineering  ','http://engineering.tufts.edu/cee/people/baise/index.asp','http://engineering.tufts.edu/cee/people/baise/baise.jpg','2010-04-16 05:37:35','2011-03-11 04:26:21',0),(10,'CEE','Brian','Brenner','brian.brenner@tufts.edu','7-3761','Structural engineering, bridge analysis and design  ','http://engineering.tufts.edu/cee/people/brenner/index.asp','http://engineering.tufts.edu/cee/people/brenner/brenner.jpg','2010-04-22 06:46:43','2011-03-11 04:26:21',NULL),(11,'CEE','Natalie','Capiro','natalie.capiro@tufts.edu','7-6015','Environmental biotechnology, bioremediation applications, fate and transport  ','http://engineering.tufts.edu/cee/impes/personnel_files/personnel.html','http://engineering.tufts.edu/cee/impes/personnel_files/images/capiro%20head%20crop.jpg','2011-07-15 04:23:19','2011-03-11 04:26:21',0),(12,'CEE','Steven','Chapra','steven.chapra@tufts.edu','7-3654','Environmental engineering, surface water-quality modeling  ','http://engineering.tufts.edu/cee/people/chapra/index.asp','http://engineering.tufts.edu/cee/people/chapra/chapra.jpg','2010-04-22 06:47:53','2011-03-11 04:26:21',0),(13,'CEE','Wayne','Chudyk','wayne.chudyk@tufts.edu','7-3070','Mechanics and environmental engineering, surface and groundwater monitoring  ','http://engineering.tufts.edu/cee/people/chudyk/index.asp','http://engineering.tufts.edu/cee/people/chudyk/chudyk.jpg','2010-04-22 06:49:19','2011-03-11 04:26:21',NULL),(14,'CEE','Luis','Dorfmann','Luis.Dorfmann@tufts.edu','7-6137','Structural engineering, applied mechanics  ','http://engineering.tufts.edu/cee/people/dorfmann/index.asp','http://engineering.tufts.edu/cee/people/dorfmann/dorfmann.jpg','2010-04-22 06:50:06','2011-03-11 04:26:21',NULL),(15,'CEE','John','Durant','john.durant@tufts.edu','7-5489','Environmental engineering, environmental fluid mechanics, chemical fate and transport  ','http://engineering.tufts.edu/cee/people/durant/index.asp','http://engineering.tufts.edu/cee/people/durant/durant.jpg','2010-04-22 06:50:29','2011-03-11 04:26:21',0),(16,'CEE','Lewis','Edgers','lewis.edgers@tufts.edu','7-5875','Geotechnical engineering, geoenvironmental engineering, Wind energy (renewables)  ','http://engineering.tufts.edu/cee/people/edgers/index.asp','http://engineering.tufts.edu/cee/people/edgers/edgers.jpg','2010-04-22 06:50:54','2011-03-11 04:26:21',NULL),(17,'CEE','David','Gute','david.gute@tufts.edu','7-3452','Environmental and occupational health and safety  ','http://engineering.tufts.edu/cee/people/gute/index.asp','http://engineering.tufts.edu/cee/people/gute/gute.jpg','2010-04-22 06:51:47','2011-03-11 04:26:21',NULL),(18,'CEE','Eric','Hines','Eric.Hines@tufts.edu','7-3211','Steel design, earthquake engineering, structural systems  ','http://engineering.tufts.edu/cee/people/hines/index.asp','http://engineering.tufts.edu/cee/people/hines/hines.jpg','2010-04-22 06:52:18','2011-03-11 04:26:21',0),(19,'CEE','Shafiqul','Islam','Shafiqul.Islam@tufts.edu','7-4290','Environmental hydrology.climate change/cholera prediction  ','http://engineering.tufts.edu/cee/people/islam/index.asp','http://engineering.tufts.edu/cee/people/islam/islam.jpg','2010-04-22 06:52:45','2011-03-11 04:26:21',NULL),(20,'CEE','Kim','Knox','kim.knox@tufts.edu','7-2000','Applied mechanics ','','http://engineering.tufts.edu/images/Photo%209%20-%20Kim%20Knox.JPG','2011-07-15 04:23:19','2011-03-11 04:26:21',0),(21,'CEE','Steve','Levine','stephen.levine@tufts.edu','7-2212','Operations research, engineering economics  ','http://engineering.tufts.edu/cee/people/levine/index.asp','http://engineering.tufts.edu/cee/people/levine/levine.jpg','2010-04-22 06:54:00','2011-03-11 04:26:21',0),(22,'CEE','Lee','Minardi','Lee.minardi@tufts.edu','7-3035','Computer-aided design, geometric modeling  ','http://engineering.tufts.edu/cee/people/minardi/index.asp','http://engineering.tufts.edu/cee/people/minardi/minardi.jpg','2010-04-22 06:53:37','2011-03-11 04:26:22',NULL),(23,'CEE','Babak','Moaveni','babak.moaveni@tufts.edu','7-5642','Structural engineering, bridges ','http://engineering.tufts.edu/cee/people/moaveni/index.asp','http://engineering.tufts.edu/cee/people/moaveni/moaveni.jpg','2010-04-22 06:55:00','2011-03-11 04:26:22',NULL),(24,'CEE','Kurt','Pennell','Kurt.Pennell@tufts.edu','7-3994','Transport of subsurface contaminants, environmental engineering  ','http://engineering.tufts.edu/cee/impes/','http://engineering.tufts.edu/cee/people/pennell/pennell.jpg','2010-04-22 06:56:43','2011-03-11 04:26:22',NULL),(25,'CEE','Andrew','Ramsburg','Andrew.Ramsburg@tufts.edu','7-4286','Transport of subsurface contaminants, site-remediation technologies  ','http://engineering.tufts.edu/cee/impes/','http://engineering.tufts.edu/cee/people/ramsburg/ramsburg.jpg','2010-04-22 06:56:18','2011-03-11 04:26:22',NULL),(26,'CEE','Masoud','Sanayei','masoud.sanayei@tufts.edu','7-4116','Structural engineering, finite element analysis, structural dynamics, earthquake engineering ','http://engineering.tufts.edu/cee/people/sanayei/index.asp','http://engineering.tufts.edu/cee/people/sanayei/sanayei.jpg','2010-04-22 06:58:44','2011-03-11 04:26:22',NULL),(27,'CEE','Chris','Swan','chris.swan@tufts.edu','7-3211','Geoenvironmental engineering, geotechnical engineering  ','http://engineering.tufts.edu/cee/people/swan/index.asp','http://engineering.tufts.edu/cee/people/swan/swan.jpg','2010-04-22 06:58:04','2011-03-11 20:35:29',NULL),(28,'CEE','Richard','Vogel','richard.vogel@tufts.edu','7-4260','Water resource systems, environmental statistics, hydrology  ','http://engineering.tufts.edu/cee/people/vogel/index.asp','http://engineering.tufts.edu/cee/people/vogel/vogel.jpg','2010-04-22 06:58:23','2011-03-11 04:26:22',NULL),(29,'CEE','Mark','Woodin','mark.woodin@tufts.edu','7-3640','Epidemiology and public health  ','http://engineering.tufts.edu/cee/people/woodin/index.asp','http://engineering.tufts.edu/cee/people/woodin/woodin.jpg','2010-04-22 06:57:47','2011-03-11 04:26:22',NULL),(30,'CHBE','Maria','Flytzani-Stephanopoulos','mflytzan@tufts.edu','7-3048','Environmental catalysis, clean energy technologies, nanostructured oxides ','http://engineering.tufts.edu/chbe/people/FlytzaniStephanopoulos/index.asp','http://engineering.tufts.edu/chbe/photos/facultyFlytzaniStephanopoulos.jpg','2010-04-30 00:04:09','2011-03-11 04:26:22',NULL),(31,'CHBE','Christos','Georgakis','Christos.Georgakis@tufts.edu','7-2573','Modeling, optimization and process control, batch processing ','http://engineering.tufts.edu/chbe/people/georgakis/index.asp','http://engineering.tufts.edu/chbe/photos/facultyGeorgakis.jpg','2010-04-30 00:04:33','2011-03-11 04:26:22',NULL),(32,'CHBE','Kyongbum','Lee','Kyongbum.Lee@tufts.edu','7-4323','Metabolic engineering, tissue engineering, systems biology  ','http://engineering.tufts.edu/chbe/people/lee/index.asp','http://engineering.tufts.edu/chbe/photos/facultyLee.jpg','2010-04-30 00:04:58','2011-03-11 04:26:22',NULL),(33,'CHBE','Stephen','Matson','stephen.matson@tufts.edu','7-4186','Membrane separations, Membrane reactors, Bioseparations, DNA sequencing, Pharmaceuticals, Appropriate Chemical technology, STEM education  ','http://engineering.tufts.edu/chbe/people/matson/index.asp','http://engineering.tufts.edu/chbe/photos/facultyMatson.jpg','2010-04-30 00:05:33','2011-03-11 04:26:22',NULL),(34,'CHBE','Jerry','Meldon','Jerry.Meldon@tufts.edu','7-3570','Mass transfer, membrane processes, reaction-separation coupling ','http://engineering.tufts.edu/chbe/people/meldon/index.asp','http://engineering.tufts.edu/chbe/photos/facultyMeldon.jpg','2010-04-30 00:06:31','2011-03-11 04:26:22',NULL),(35,'CHBE','Matt','Panzer','matt.panzer@tufts.edu','7-3900','Sustainable Energy, Soft Electronics, Green Technologies  ','http://engineering.tufts.edu/chbe/people/panzer/index.asp','http://engineering.tufts.edu/chbe/photos/facultyPanzer.jpg','2010-04-30 00:07:13','2011-03-11 04:26:22',NULL),(36,'CHBE','Blaine','Pfeifer','Blaine.Pfeifer@tufts.edu','7-2582','Biotechnology, cellular engineering, natural product biosynthesis and development  ','http://engineering.tufts.edu/chbe/people/pfeifer/index.asp','http://engineering.tufts.edu/chbe/photos/facultyPfeifer.jpg','2010-04-30 00:08:08','2011-03-11 04:26:22',NULL),(37,'CHBE','Daniel','Ryder','daniel.ryder@tufts.edu','7-3446','Polymer and ceramic materials processing, inorganic/organic nanocomposite materials  ','http://engineering.tufts.edu/chbe/people/ryder/index.asp','http://engineering.tufts.edu/chbe/photos/facultyRyder.jpg','2010-04-30 00:09:08','2011-03-11 04:26:22',NULL),(38,'CHBE','Nakho','Sung','Nakho.Sung@tufts.edu','7-3447','Polymers and composites, interface science, polymer diffusion, surface modification ','http://engineering.tufts.edu/chbe/people/sung/index.asp','http://engineering.tufts.edu/chbe/photos/facultySung.jpg','2010-04-30 00:09:58','2011-03-11 04:26:22',NULL),(39,'CHBE','David','Vinson','david.vinson@tufts.edu','7-4906','Process Operability, Model Based Control, Quality by Design  ','http://engineering.tufts.edu/chbe/people/vinson/index.asp','http://engineering.tufts.edu/chbe/photos/facultyVinson.jpg','2010-04-30 00:10:35','2011-03-11 04:26:22',NULL),(40,'CHBE','Hyunmin','Yi','Hyunmi.Yi@tufts.edu','7-2195','Nanoarray biosensing, in vitro metabolic engineering platforms  ','http://engineering.tufts.edu/chbe/people/yi/index.asp','http://engineering.tufts.edu/chbe/photos/facultyYi.jpg','2010-04-30 00:10:47','2011-03-11 04:26:22',NULL),(41,'CS','Anselm','Blumer','ablumer@cs.tufts.edu','7-3651','Data compression, machine learning, artificial intelligence, computational biology  ','http://www.cs.tufts.edu/~ablumer/','http://www.cs.tufts.edu/people/faculty/images/anselmblumer.jpg','2010-04-30 00:13:38','2011-03-11 04:26:22',NULL),(42,'CS','Alva','Couch','alva.couch@tufts.edu','7-3674','Policy-based languages for system and network administration, support tools for teaching hands-on computer science  ','http://www.cs.tufts.edu/~couch','http://www.cs.tufts.edu/people/faculty/images/alvacouch.jpg','2010-04-30 00:14:16','2011-03-11 04:26:22',NULL),(43,'CS','Lenore','Cowen','lenore.cowen@tufts.edu','7-2225','Algorithms, graph theory, probabilistic combinatorics  ','http://www.cs.tufts.edu/~cowen','http://www.cs.tufts.edu/people/faculty/images/lenorecowen.jpg','2010-04-30 00:14:43','2011-03-11 04:26:22',0),(44,'CS','Samuel','Guyer','Samuel.Guyer@tufts.edu','7-4948','Program analysis and optimization, automatic bug detection, memory management, compiler-based tools to improve software reliability and performance  ','http://www.cs.tufts.edu/~sguyer','http://www.cs.tufts.edu/people/faculty/images/samuelguyer.jpg','2010-04-30 00:15:06','2011-03-11 04:26:22',NULL),(45,'CS','Soha','Hassoun','soha.hassoun@tufts.edu','7-5177','CAD, VLSI design  ','http://www.cs.tufts.edu/~soha/','http://www.cs.tufts.edu/people/faculty/images/sohahassoun.jpg','2010-04-30 00:17:48','2011-03-11 04:26:22',NULL),(46,'CS','Benjamin','Hescott','benjamin.hescott@tufts.edu','7-4924','Computational Complexity, Approximation Algorithms, Kolmogorov Complexity  ','http://www.cs.tufts.edu/~hescott/','http://www.cs.tufts.edu/people/faculty/images/benhescott.jpg','2010-04-30 00:18:15','2011-03-11 04:26:22',NULL),(47,'CS','Robert','Jacob','jacob@cs.tufts.edu','7-5253','Human-computer interaction  ','http://www.cs.tufts.edu/~jacob','http://www.cs.tufts.edu/people/faculty/images/robertjacob.jpg','2010-04-30 00:18:34','2011-03-11 20:45:47',0),(48,'CS','Roni','Khardon','roni@eecs.tufts.edu','7-5290','Machine Learning, Artificial intelligence, Algorithms ','http://www.cs.tufts.edu/~roni','http://www.cs.tufts.edu/people/faculty/images/ronikhardon.jpg','2010-04-30 00:18:59','2011-03-11 04:26:22',NULL),(49,'CS','Norman','Ramsey','nr@cs.tufts.edu','7-4923','Programming Languages and Systems, Functional Programming, Compiler Construction  ','http://www.cs.tufts.edu/~nr','http://www.cs.tufts.edu/people/faculty/images/normanramsey.jpg','2010-04-30 00:20:18','2011-03-11 04:26:22',NULL),(50,'CS','Donna','Slonim','Donna.Slonim@tufts.edu','7-2225','Biological and medical information from gene expression  ','http://www.cs.tufts.edu/~slonim','http://www.cs.tufts.edu/people/faculty/images/donnaslonim.jpg','2010-04-30 00:22:07','2011-03-11 04:26:22',NULL),(51,'CS','Diane','Souvaine','dls@cs.tufts.edu','7-2225','Computational geometry  ','http://www.cs.tufts.edu/~dls','http://www.cs.tufts.edu/people/faculty/images/dianesouvaine.jpg','2010-04-30 00:23:02','2011-03-11 04:26:22',NULL),(52,'CS','Judy','Stafford','jas@cs.tufts.edu','7-2491','Compositional reasoning, component-based software engineering, software architecture analysis and documentation, program analysis  ','http://www.cs.tufts.edu/~jas','http://www.cs.tufts.edu/people/faculty/images/judithstafford.jpg','2010-04-30 00:22:46','2011-03-11 04:26:22',0),(53,'ECE','Mohammed','Afsar','mohammed.afsar@tufts.edu','7-3932','Microwaves and submillimeter waves, design and measurements  ','http://www.ece.tufts.edu/~mafsar','http://www.ece.tufts.edu/people/pics/afsar.jpg','2010-04-16 05:49:25','2011-03-11 04:26:22',0),(54,'ECE','Hwa','Chang','chorng.chang@tufts.edu','7-5178','Computer engineering, communication networks, digital systems  ','http://www.ece.tufts.edu/~hchang/','http://www.ece.tufts.edu/people/pics/chang.jpg','2010-04-16 05:50:32','2011-03-11 04:26:22',NULL),(55,'ECE','Dennis','Fermental','denis.fermental@tufts.edu','7-5250','Control engineering, analog electronics  ',NULL,'http://www.ece.tufts.edu/people/pics/fermental.jpg','2010-04-16 05:55:02','2011-03-11 04:26:22',NULL),(56,'ECE','Jeffrey','Hopwood','Jeffrey.Hopwood@tufts.edu','7-4358','Plasma engineering, microelectronics, sensors','http://www.ece.tufts.edu/~hopwood/','http://www.ece.tufts.edu/people/pics/hopwood.jpg','2010-04-16 05:43:53','2011-03-11 04:26:22',NULL),(57,'ECE','Valencia','Joyner','Valencia.Joyner@tufts.edu','7-2291','Optoelectronics, VLSI radiation effects in integrated circuits  ','http://www.ece.tufts.edu/~vjoyner','http://www.ece.tufts.edu/people/pics/joyner.jpg','2010-04-16 05:51:29','2011-03-11 04:26:22',NULL),(58,'ECE','Konstantin','Korolev','korolev@ece.tufts.edu','7-5065','Millimeter wave and terahertz spectroscopy  ','http://www.ece.tufts.edu/people/faculty/bio/korolev.php','http://www.ece.tufts.edu/people/images_faculty/korolev.jpg','2010-04-30 00:26:42','2011-03-11 04:26:22',NULL),(59,'ECE','Ronald','Lasser','Ron.Lasser@tufts.edu','7-4977','Product development specialist, innovation and entrepreneurship, image processing, animation.  ','http://www.ece.tufts.edu/~rlasser/','http://www.ece.tufts.edu/people/pics/lasser.jpg','2010-04-30 00:24:28','2011-03-11 04:26:22',NULL),(60,'ECE','Eric','Miller','Eric_L.Miller@tufts.edu','7-0835','Signal and image processing, inverse problems and physics-based methods, statistical signal processing and machine learning, computational methods  ','http://www.ece.tufts.edu/~elmiller/elmhome/','http://www.ece.tufts.edu/people/pics/miller.jpg','2010-04-16 05:44:12','2011-03-11 04:26:22',NULL),(61,'ECE','Joseph','Noonan','JNoonan@ece.tufts.edu','7-2490','Communications, coding and information theory, digital signal processing  ','http://www.ece.tufts.edu/~jnoonan','http://www.ece.tufts.edu/people/pics/noonan.jpg','2010-04-16 05:45:30','2011-03-11 04:26:22',NULL),(62,'ECE','Karen','Panetta','Karen@eecs.tufts.edu','7-5976','Digital simulation, multimedia computer architecture  ','http://www.ee.tufts.edu/~karen/','http://www.ece.tufts.edu/people/pics/panetta.jpg','2010-04-30 00:12:48','2011-03-11 04:26:22',NULL),(63,'ECE','Douglas','Preis','DPreis@eecs.tufts.edu','7-2492','Electromagnetics, signal processing, audio engineering  ','http://www.ece.tufts.edu/~dpreis/','http://www.ece.tufts.edu/people/pics/preis.jpg','2010-04-16 05:47:44','2011-03-11 04:26:22',NULL),(64,'ECE','Sameer','Sonkusale','sameer@ece.tufts.edu','7-5113','Nanotechnology, Sensors, Biomedical Electronics, Analog and Mixed-signal VLSI design','http://nanolab.ece.tufts.edu/','http://www.ece.tufts.edu/people/pics/sonkusale.jpg','2010-04-30 00:27:14','2011-03-11 04:26:22',NULL),(65,'ECE','Thomas','Vandervelde','tvanderv@ece.tufts.edu','7-5126','Solar energy, thermal photovoltaics  ','http://www.ece.tufts.edu/~tvanderv/','http://www.ece.tufts.edu/people/facultypics/vandervelde.jpg','2010-04-16 05:54:02','2011-03-11 04:26:22',NULL),(66,'ME','Caroline','Cao','Caroline.Cao@tufts.edu','7-2484','Human factors, biomedical systems  ','http://engineering.tufts.edu/me/people/cao/index.asp','http://engineering.tufts.edu/me/photos/facultyCao.jpg','2010-04-30 00:31:56','2011-03-11 20:43:55',NULL),(67,'ME','Luisa','Chiesa','Luisa.Chiesa@tufts.edu','7-4575','Superconductor sensing applications, powertransmission line magnets  ','http://engineering.tufts.edu/me/people/chiesa/index.asp','http://engineering.tufts.edu/me/photos/facultyChiesa.jpg','2010-04-30 00:33:32','2011-03-11 20:45:30',NULL),(68,'ME','Daniel','Hannon','Dan.Hannon@tufts.edu','7-4149','Human factors, air traffic control, navigation, command and control ','http://engineering.tufts.edu/me/people/hannon/index.asp','','2010-04-30 00:35:35','2011-03-11 20:35:49',NULL),(69,'ME','Marc','Hodes','Marc.Hodes@tufts.edu','7-2488','Thermoelectricity, heat and mass transfer ','http://engineering.tufts.edu/me/people/hodes/index.asp',NULL,'2010-04-30 00:32:16','2011-03-11 04:26:22',NULL),(70,'ME','Tom','James','tom.james@tufts.edu','7-2327','Mechanics of cutting and sawing  ','http://engineering.tufts.edu/me/people/james/index.asp','http://engineering.tufts.edu/me/photos/facultyJames.jpg','2010-04-30 00:32:36','2011-03-11 04:26:22',NULL),(71,'ME','Mark','Kachanov','mark.kachanov@tufts.edu','7-3318','Fracture mechanics, micromechanics, overall properties of materials  ','http://engineering.tufts.edu/me/people/kachanov/index.asp',NULL,'2010-04-30 00:29:12','2011-03-11 04:26:22',NULL),(72,'ME','Gary','Leisk','gary.leisk@tufts.edu','7-2547','Manufacturing science, signal processing  ','http://engineering.tufts.edu/me/people/leisk/index.asp','http://engineering.tufts.edu/me/photos/facultyLeisk.jpg','2010-04-30 00:35:10','2011-03-11 20:43:35',NULL),(73,'ME','Vincent','Manno','vincent.manno@tufts.edu','7-2548','Computational thermal-fluid dynamics, energy system analysis  ','http://engineering.tufts.edu/me/people/manno/index.asp','http://engineering.tufts.edu/me/photos/facultyManno.jpg','2010-04-30 00:29:59','2011-03-11 04:26:22',NULL),(74,'ME','Douglas','Matson','Douglas.Matson@tufts.edu','7-5742','Materials processing, solidification  ','http://engineering.tufts.edu/me/people/matson/index.asp',NULL,'2010-04-30 00:33:02','2011-03-11 04:26:22',NULL),(75,'ME','Jason','Rife','Jason.Rife@tufts.edu','7-4732','Robotics, Navigation, Controls','http://engineering.tufts.edu/me/people/rife/index.asp','','2010-04-30 00:34:04','2011-03-11 20:43:07',NULL),(76,'ME','Robert','White','R.White@tufts.edu','7-2210','Microelectromechanical systems (MEMS), microfabrication, acoustics, vibrations  ','http://engineering.tufts.edu/me/people/white/index.asp','http://engineering.tufts.edu/me/photos/facultyWhite.jpg','2010-04-30 00:34:48','2011-03-11 20:43:19',NULL),(77,'TGI','Partha','Ghosh','partha.ghosh@tufts.edu','7-3110','Multinational strategies, globalization  ','http://gordon.tufts.edu/engMgmt/MSEM/faculty/Ghosh.asp','http://gordon.tufts.edu/photos/FacultyGhosh.jpg','2010-04-30 00:38:03','2011-03-11 04:26:22',NULL),(78,'TGI','Sam','Liggero','sam.liggero@tufts.edu','7-3310','New product development  ','http://gordon.tufts.edu/engMgmt/MSEM/faculty/Liggero.asp','http://gordon.tufts.edu/photos/FacultyLiggero.jpg','2010-04-30 00:38:34','2011-03-11 04:26:22',NULL),(79,'TGI','Charlie','Rabie','charlie.rabie@tufts.edu','7-3110','Business strategy ','http://gordon.tufts.edu/engMgmt/MSEM/faculty/Rabie.asp','http://gordon.tufts.edu/photos/FacultyRabie.jpg','2010-04-30 00:38:53','2011-03-11 04:26:22',NULL),(80,'TGI','Arthur','Winston','arthur.winston@tufts.edu','7-3112','Data analysis','http://gordon.tufts.edu/engMgmt/MSEM/faculty/WinstonA.asp','','2010-04-30 00:39:35','2011-03-11 04:26:22',0),(81,'TGI','Robert','Hannemann','Robert.Hannemann@tufts.edu','7-3603','Advanced, energy-efficient cooling of electronic products','http://gordon.tufts.edu/engMgmt/MSEM/faculty/Hannemann.asp','http://gordon.tufts.edu/photos/directorHannemann.jpg','2010-04-30 00:40:01','2011-03-11 04:26:22',NULL),(82,'CS','Carla','Brodley','carla.brodley@tufts.edu','7-3652','Data mining, computer security  ','http://www.cs.tufts.edu/~brodley','http://www.cs.tufts.edu/people/faculty/images/carlabrodley.jpg','2011-02-06 01:09:59','2011-03-11 04:26:22',0),(83,'Unkown','Christine','Cunningham','Unknown@unknown.edu','Unknow','Unknown',NULL,NULL,'2011-02-06 01:09:59','2011-03-11 04:26:22',0),(84,'Unkown','Richard','Lerner','Unknown@unknown.edu','Unknow','Unknown',NULL,NULL,'2011-02-06 01:09:59','2011-03-11 04:26:22',0),(85,'Unkown','Claire','Moore','Unknown@unknown.edu','Unknow','Unknown',NULL,NULL,'2011-02-06 01:09:59','2011-03-11 04:26:22',0),(86,'Unkown','Amanda','Murphy','Unknown@unknown.edu','Unknow','Unknown',NULL,NULL,'2011-02-06 01:09:59','2011-03-11 04:26:22',0),(87,'Unkown','Emmanuel','Pothos','Unknown@unknown.edu','Unknow','Unknown',NULL,NULL,'2011-02-06 01:09:59','2011-03-11 04:26:22',0),(88,'Unkown','Christopher','Swan','Unknown@unknown.edu','Unknow','Unknown',NULL,NULL,'2011-02-06 01:09:59','2011-03-11 04:26:22',0),(89,'ECE','Aleksandar ','Stankovic','astankov@ece.tufts.edu','7-5170','Analytical and Experimental Work Involving Modeling, Control, and Estimation in Electric Energy Processing\r\nPower Electronics, Power Systems, and Electric Drives','http://www.ece.tufts.edu/~astankov/','http://www.ece.tufts.edu/people/pics/stankovic.jpg','2011-02-09 02:01:19','2011-03-11 04:26:22',1),(90,'ECE','Usman','Khan','khan@ece.tufts.edu','7-5299','Robotics\r\nSignal processing\r\nSensing in the context of distributed estimation and control algorithms\r\nDistributed, iterative algorithms in random environments','http://www.eecs.tufts.edu/~khan/','http://www.eecs.tufts.edu/~khan/usman_pic5.jpg','2011-02-09 02:04:49','2011-03-11 04:26:22',1),(91,'CS','Remco','Chang','remco@cs.tufts.edu','7-3681','Visual Analytics\r\nInformation Visualization\r\nComputer Graphics\r\nUrban Modeling','http://www.cs.tufts.edu/~remco/','http://www.cs.tufts.edu/people/faculty/images/remco.jpg','2011-02-09 02:12:04','2011-03-11 04:26:22',1),(92,'CS','Matthias','Scheutz','mscheutz@cs.tufts.edu','7-0453','Artificial Intelligence\r\nArtificial Life\r\nCognitive Modeling\r\nComplex Systems\r\nFoundations of Cognitive Science\r\nHuman-Robot Interaction\r\nMulti-scale Agent-based Models\r\nNatural Language Processing','http://www.cs.tufts.edu/~mscheutz','http://www.cs.tufts.edu/people/faculty/images/matthias.jpg','2011-02-09 02:14:34','2011-03-11 20:42:51',1),(93,'BME','Lauren','Black','lauren.black@tufts.edu','7-3231','Dr. Black\'s research interests lie in understanding the biophysical signaling mechanisms responsible for the development of healthy and diseased myocardium inclusive of mechanical stress/strain, electrical stimulation, and cell-cell/ cell-matrix interactions. The ultimate goal of his research is to design and develop new methods for repairing diseased or damaged myocardium.','http://engineering.tufts.edu/bme/people/black/index.asp','http://engineering.tufts.edu/bme/photos/facultyBlack.jpg','2011-02-09 02:18:08','2011-03-11 04:26:22',1),(94,'BME','Qiaobing','Xu','Qiaobing.Xu@tufts.edu','7-4322','Dr. Xu\'s research interests lie at the intersection of material science engineering, specifically nanoscience, and biomedical application. His work looks at developing new synthetic materials for the delivery of therapeutic biomacromolecules. In his postdoctoral research, Xu synthesized a library of lipid-like molecules, which were tested for efficacy both in vitro and in vivo in the delivery of protein and messenger RNA. Xu is currently investigating the use of drug delivery as a tool to stimulate host immune system for cancer vaccine applications. Xu is also working on using micro/nanofabrication as tools for tissue engineering applications.','http://engineering.tufts.edu/bme/people/xu/index.asp','http://engineering.tufts.edu/bme/photos/facultyXu.jpg','2011-02-09 02:19:42','2011-03-14 01:55:55',1),(95,'CEE','Elena','Naumova','elena.naumova@tufts.edu','7-XXXX','Dr. Naumova\'s area of expertise is in methodology development for modeling of transient processes with application in environmental epidemiology, infectious diseases, and public health. Her research on developing innovative analytical and computational tools for monitoring environmentally-driven infections and longitudinal studies of growth is funded by NIAID, NIEHS, and EPA. She is facilitates utilization of novel data sources, including remote sensing data and satellite imagery for better understanding the nature and etiology of diseases on local and global scales. She applied her theoretical work to studies of infections sensitive to climate variations and extreme weather events. Her research activities span a broad range of research programs in emerging and re-emerging diseases, environmental epidemiology, molecular biology and immunogenetics, nutrition and growth. Dr. Naumova is participating in a number of international projects collaborating with epidemiologists, immunologists, and public health professionals in India, Kenya, Ecuador, Japan, Canada, UK, and Russia.','http://www.tufts.edu/med/informid/','http://engineering.tufts.edu/cee/people/naumova/naumova.jpg','2011-02-09 02:24:47','2011-03-11 04:26:22',1),(96,'CS','Ethan','Danahy','edanahy@eecs.tufts.edu','(617) 381-4810','Ethan focuses on technology solutions assisting engineering education. As manager of several of the Center for Engineering Education and Outreach\'s projects, he oversees the design, implementation, and deployment of these products, while simultaneously serving as one of the main developers in the group.','http://www.ceeo.tufts.edu/People/ethandanahy.html','http://www.cs.tufts.edu/people/faculty/images/ethandanahy.jpg','2011-03-11 20:34:46','2011-03-11 20:34:46',0),(97,'CEEO','David','Hammer','David.Hammer@tufts.edu','(617) 871-0252','My work has been in the learning and teaching of science, mainly physics, across ages from young children through adults. More specifically, I\'ve studied students\' intuitive \"epistemologies\" (knowledge about knowing and learning), how instructors interpret and respond to student thinking, and on resource-based models of knowledge and reasoning.','http://web.me.com/hammerd','http://web.me.com/hammerd/home/index_files/davidpic.jpg','2011-03-11 20:37:32','2011-03-11 20:37:32',0),(98,'ED','Barbara ','Brizuela','barbara.brizuela@tufts.edu','(617) 627-4721','Education','http://ase.tufts.edu/education/faculty/brizuela.asp','','2011-03-11 20:39:28','2011-03-14 11:55:29',0),(99,'ED','Morgan','Hynes','morgan.hynes@tufts.edu','617-627-5888','Morgan Hynes graduated from Tufts with a BS in Mechanical Engineering in 2001 and went on to work as an engineer for three years. During this time, Morgan realized that he wanted more students to have the opportunity to learn about engineering and learn STEM concepts through engineering. Morgan was accepted into the Tufts Math, Science, Technology, and Engineering (MSTE) Education program in 2004 and graduated with a Ph.D. in Engineering Education in 2009. Morgan has been working at the Tufts University Center for Engineering Educational Outreach (CEEO) since 2004. At the CEEO, Morgan has written middle-school curriculum, led teacher professional development programs, co-taught a freshman engineering course,  and is currently co-editor-in-chief of LEGO Engineering.com a website dedicated to providing teachers with resources to teach using the LEGO tool set.','http://www.ceeo.tufts.edu/People/morganhynes.html','http://www.ceeo.tufts.edu/images/ceeo_staff/mhynes2.jpg','2011-03-11 20:41:01','2011-03-11 20:41:01',0),(100,'ED','Merredith','Portsmore','merredith.portsmore@tufts.edu','617-627-5888','Merredith is the Director of Outreach Programs for the CEEO.  She is responsible for overseeing all of the Center\'s outreach programs and efforts in the community. She is the founder of the Tufts University STOMP program and original developer of LEGOengineering.com. Merredith\'s current research focuses on how first grade students engage in understanding and solving engineering design problems.\r\n','http://www.ceeo.tufts.edu/People/merredithportsmore.html','http://www.ceeo.tufts.edu/images/ceeo_staff/mportsmore.jpg','2011-03-11 20:42:27','2011-03-11 20:42:27',0),(101,'BIO','Barry','Trimmer','barry.trimmer@tufts.edu','617-627-3924','Dr. Trimmer\'s laboratory is interested in the neural processes that organize sensory and motor information. We use an insect (the tobacco hornworm, Manduca sexta) as our model system because it has a brain with fewer neurons, many of which can be identified and kept alive outside the animal.\r\n\r\nCurrently we are pursuing three major projects: \r\n\r\n1. The neural control of soft-bodied locomotion where we are trying to understand how the nervous system controls complex movements. These studies have potential applications in the design and control of a new type of flexible robot using neuromechanics. \r\n\r\n2. The structure and function of neuronal acetylcholine receptors. These receptors mediate the transmission of sensory information into the brain and we are looking at the biochemical and electrical components of signaling and how different types of receptors interact. Our findings could be relevant for alleviating nicotine addiction and for understanding epilepsy. \r\n\r\n3. The range and specificity of nitric oxide (NO) signaling in the brain. Comparatively little is known about the role of this free-radical transmitter in the brain. We have identified individual NO-producing and responding neurons in the living nervous system and our goal is to establish how they communicate and what behaviors they control. This work will help to understand how groups of neurons are coordinated and how the brain is damaged by a stroke or other traumatic injury. ','http://ase.tufts.edu/biology/faculty/trimmer/','http://ase.tufts.edu/biology/images/facTrimmer.jpg','2011-03-11 20:45:07','2011-03-11 20:45:07',0),(102,'ME','Chris','Rogers','chris.rogers@tufts.edu','7-2882','Experimental fluid dynamics, science education ','http://engineering.tufts.edu/me/people/rogers/index.asp','http://www.tufts.edu/~crogers/Me_Teaching.jpeg','2011-03-14 01:45:51','2011-03-14 01:45:51',0),(103,'ME','Anil','Saigal','anil.saigal@tufts.edu','7-2549','Advanced materials, manufacturing processes, quality control  ','http://engineering.tufts.edu/me/people/saigal/index.asp','','2011-03-14 01:49:02','2011-03-14 01:49:02',0),(104,'ME','Michael','Zimmerman','Michael.Zimmerman@tufts.edu','7-3239','Prof. Zimmerman\'s areas of expertise are in materials, processing, design for manufacture, computer simulations, new product ideas, and electronic packaging. He is an entrepreneur and visionary with extensive international work experience in Europe and Asia, understands the entrepreneurial and start-up world.','http://engineering.tufts.edu/me/people/zimmerman/index.asp','http://engineering.tufts.edu/me/photos/facultyZimmerman.jpg','2011-03-14 01:50:44','2011-03-14 01:54:36',0),(105,'Unkown','Gill','Barequet','Unknown@unknown.edu','Unknown','Unknow','','','2011-03-14 01:57:27','2011-07-20 13:32:22',0),(106,'Unkown','Marina','Bers','Unknown@unknown.edu','Unknow','Unknown',NULL,NULL,'2011-03-14 01:57:27','2011-03-14 01:57:27',0),(107,'Unkown','Aurelie','Edwards','Unknown@unknown.edu','Unknow','Unknown',NULL,NULL,'2011-03-14 01:57:27','2011-03-14 01:57:27',0),(108,'Unkown','Robert','Peattie','Unknown@unknown.edu','Unknow','Unknown',NULL,NULL,'2011-03-14 01:57:27','2011-03-14 01:57:27',0),(109,'ECE','Mary Beth','Ruskai','marybeth.ruskai@tufts.edu','6176273421','Research Professor','','','2011-07-20 13:15:13','2011-07-20 13:15:13',1),(110,'CS','Kathleen','Fisher','kfisher@cs.tufts.edu','6176273831','Professor; specializes in programming languages.','','http://www.cs.tufts.edu/people/faculty/images/kathleenfisher.jpg','2011-07-20 13:16:30','2011-07-20 13:38:35',1),(111,'ME','Peter','Wong','peter.wong@tufts.edu','6176275162','Research Associate Professor, specializes in the thermal analysis of materials processing, nano- and microelectromechanical systems, comparative biomechanics, biomedical engineering, and advanced energy systems.','','http://engineering.tufts.edu/me/photos/facultyWong.jpg','2011-07-20 13:18:12','2011-07-20 13:40:01',1),(112,'ME','Behrouz','Abedian','behrouz.abedian@tufts.edu','6176273013','Associate Professor, specializes in fluid mechanics and its applications in fluidic systems. He has expertise in electrohydrodynamcis, transport phenomenon and energy systems. His most recent effort has resulted in the development of a new generation of digital microfluidic devices. He has worked on flow electrification of dielectric liquids, electrowetting phenomenon, properties of silk fibroin solutions, magnetohydynamic flow in levitated droplets, and dental materials','','','2011-07-20 13:19:15','2011-07-20 13:39:24',1),(113,'BME','Barbara','Brodsky','barbara.brodsky@tufts.edu','6176270447','Research Professor, focuses on the structure of collagen using a range of biophysical techniques. Her laboratory is currently working to determine how amino acid sequence affects triple-helix structure and recognition, and how alterations can lead to molecular defects in collagen diseases.','','','2011-07-20 13:22:11','2011-07-20 13:43:09',1);
/*!40000 ALTER TABLE `researchers` ENABLE KEYS */;
UNLOCK TABLES;

--
-- Table structure for table `schema_migrations`
--

DROP TABLE IF EXISTS `schema_migrations`;
SET @saved_cs_client     = @@character_set_client;
SET character_set_client = utf8;
CREATE TABLE `schema_migrations` (
  `version` varchar(255) collate utf8_unicode_ci NOT NULL,
  UNIQUE KEY `unique_schema_migrations` (`version`)
) ENGINE=InnoDB DEFAULT CHARSET=utf8 COLLATE=utf8_unicode_ci;
SET character_set_client = @saved_cs_client;

--
-- Dumping data for table `schema_migrations`
--

LOCK TABLES `schema_migrations` WRITE;
/*!40000 ALTER TABLE `schema_migrations` DISABLE KEYS */;
INSERT INTO `schema_migrations` VALUES ('20110110212217'),('20110112012024'),('20110112012115'),('20110112012522'),('20110120024638'),('20110204182030'),('20110206050200'),('20110206062046'),('20110206062455'),('20110208211358'),('20110303161239'),('20110312050534'),('20110312051845'),('20110312075644'),('20110515173606'),('20110531185703');
/*!40000 ALTER TABLE `schema_migrations` ENABLE KEYS */;
UNLOCK TABLES;

--
-- Table structure for table `students`
--

DROP TABLE IF EXISTS `students`;
SET @saved_cs_client     = @@character_set_client;
SET character_set_client = utf8;
CREATE TABLE `students` (
  `id` int(11) NOT NULL auto_increment,
  `dept` varchar(255) collate utf8_unicode_ci default NULL,
  `fname` varchar(255) collate utf8_unicode_ci default NULL,
  `lname` varchar(255) collate utf8_unicode_ci default NULL,
  `degree` varchar(255) collate utf8_unicode_ci default NULL,
  `advisor_fname` varchar(255) collate utf8_unicode_ci default NULL,
  `advisor_lname` varchar(255) collate utf8_unicode_ci default NULL,
  `research` text collate utf8_unicode_ci,
  `link` varchar(255) collate utf8_unicode_ci default NULL,
  `photo` varchar(255) collate utf8_unicode_ci default NULL,
  `created_at` datetime default NULL,
  `updated_at` datetime default NULL,
  PRIMARY KEY  (`id`)
) ENGINE=InnoDB DEFAULT CHARSET=utf8 COLLATE=utf8_unicode_ci;
SET character_set_client = @saved_cs_client;

--
-- Dumping data for table `students`
--

LOCK TABLES `students` WRITE;
/*!40000 ALTER TABLE `students` DISABLE KEYS */;
/*!40000 ALTER TABLE `students` ENABLE KEYS */;
UNLOCK TABLES;

--
-- Table structure for table `users`
--

DROP TABLE IF EXISTS `users`;
SET @saved_cs_client     = @@character_set_client;
SET character_set_client = utf8;
CREATE TABLE `users` (
  `id` int(11) NOT NULL auto_increment,
  `name` varchar(255) collate utf8_unicode_ci default NULL,
  `hashed_password` varchar(255) collate utf8_unicode_ci default NULL,
  `salt` varchar(255) collate utf8_unicode_ci default NULL,
  `created_at` datetime default NULL,
  `updated_at` datetime default NULL,
  PRIMARY KEY  (`id`)
) ENGINE=InnoDB AUTO_INCREMENT=2 DEFAULT CHARSET=utf8 COLLATE=utf8_unicode_ci;
SET character_set_client = @saved_cs_client;

--
-- Dumping data for table `users`
--

LOCK TABLES `users` WRITE;
/*!40000 ALTER TABLE `users` DISABLE KEYS */;
INSERT INTO `users` VALUES (1,'soeadmin','ea144447e0057b2f3cbc2d696dd405b8e7a8963770168a3a5e57cd6059dfa2f8','367142200.9747743784832448','2011-07-15 06:59:19','2011-07-15 06:59:19');
/*!40000 ALTER TABLE `users` ENABLE KEYS */;
UNLOCK TABLES;
/*!40103 SET TIME_ZONE=@OLD_TIME_ZONE */;

/*!40101 SET SQL_MODE=@OLD_SQL_MODE */;
/*!40014 SET FOREIGN_KEY_CHECKS=@OLD_FOREIGN_KEY_CHECKS */;
/*!40014 SET UNIQUE_CHECKS=@OLD_UNIQUE_CHECKS */;
/*!40101 SET CHARACTER_SET_CLIENT=@OLD_CHARACTER_SET_CLIENT */;
/*!40101 SET CHARACTER_SET_RESULTS=@OLD_CHARACTER_SET_RESULTS */;
/*!40101 SET COLLATION_CONNECTION=@OLD_COLLATION_CONNECTION */;
/*!40111 SET SQL_NOTES=@OLD_SQL_NOTES */;

-- Dump completed on 2011-07-23 15:51:37
